Time_odroid,Current_Time,Latitude,Latitude_direction,Longitude,Longitude_direction,Number_of_satellites
1522234567.27,12:55:51,49.1238878333,N,9.20853666667,E,06
1522234568.27,12:55:52,49.1238488333,N,9.20852,E,06
1522234569.28,12:55:53,49.1238261667,N,9.20851383333,E,06
1522234570.27,12:55:54,49.1238096667,N,9.20851266667,E,06
1522234571.27,12:55:55,49.1237855,N,9.20850633333,E,06
1522234572.27,12:55:56,49.1237641667,N,9.20848833333,E,06
1522234573.27,12:55:57,49.1237473333,N,9.208472,E,06
1522234574.27,12:55:58,49.1237383333,N,9.20845566667,E,06
1522234575.27,12:55:59,49.1237231667,N,9.208438,E,06
1522234576.27,12:56:00,49.123703,N,9.20841833333,E,06
1522234577.27,12:56:01,49.1236888333,N,9.20840433333,E,06
1522234578.27,12:56:02,49.1236748333,N,9.20838466667,E,06
1522234579.27,12:56:03,49.1236685,N,9.20836216667,E,06
1522234580.27,12:56:04,49.1236618333,N,9.20833933333,E,06
1522234581.27,12:56:05,49.1236615,N,9.20831566667,E,06
1522234582.27,12:56:06,49.1236628333,N,9.208292,E,06
1522234583.27,12:56:07,49.1236581667,N,9.208273,E,06
1522234584.27,12:56:08,49.1236526667,N,9.2082605,E,06
1522234585.27,12:56:09,49.1236555,N,9.208249,E,06
1522234586.27,12:56:10,49.1236526667,N,9.20822016667,E,06
1522234587.27,12:56:11,49.1236655,N,9.20819266667,E,06
1522234588.27,12:56:12,49.1236496667,N,9.20814516667,E,06
1522234589.27,12:56:13,49.123653,N,9.208109,E,06
1522234590.27,12:56:14,49.1236521667,N,9.2080625,E,06
1522234591.27,12:56:15,49.1236558333,N,9.2080155,E,06
1522234592.27,12:56:16,49.1236541667,N,9.20796916667,E,06
1522234593.27,12:56:17,49.1236365,N,9.207912,E,06
1522234594.27,12:56:18,49.1236436667,N,9.2078505,E,06
1522234595.27,12:56:19,49.1236411667,N,9.20779133333,E,06
1522234596.27,12:56:20,49.123652,N,9.2077395,E,06
1522234597.28,12:56:21,49.1236831667,N,9.20771033333,E,07
1522234598.27,12:56:22,49.1237103333,N,9.20768366667,E,07
1522234599.27,12:56:23,49.1237396667,N,9.2076535,E,07
1522234600.27,12:56:24,49.1237708333,N,9.20763316667,E,07
1522234601.27,12:56:25,49.1238293333,N,9.2076295,E,07
1522234602.27,12:56:26,49.1238675,N,9.2075995,E,07
1522234603.27,12:56:27,49.123904,N,9.20759583333,E,07
1522234604.27,12:56:28,49.1239376667,N,9.20759183333,E,07
1522234605.27,12:56:29,49.123972,N,9.20760616667,E,07
1522234606.27,12:56:30,49.123997,N,9.207643,E,07
1522234607.27,12:56:31,49.1240141667,N,9.20768383333,E,07
1522234608.27,12:56:32,49.1240648333,N,9.20772683333,E,07
1522234609.27,12:56:33,49.1240831667,N,9.2077345,E,07
1522234610.27,12:56:34,49.1240708333,N,9.2077295,E,07
1522234611.27,12:56:35,49.1240625,N,9.20773066667,E,07
1522234612.27,12:56:36,49.1240581667,N,9.2077335,E,07
1522234613.27,12:56:37,49.1241028333,N,9.20773366667,E,07
1522234614.27,12:56:38,49.1241808333,N,9.207764,E,07
1522234615.27,12:56:39,49.1242888333,N,9.20780083333,E,07
1522234616.27,12:56:40,49.1243848333,N,9.207825,E,07
1522234617.28,12:56:41,49.1244713333,N,9.20784966667,E,07
1522234618.27,12:56:42,49.1245065,N,9.20785033333,E,07
1522234619.27,12:56:43,49.1245031667,N,9.20784483333,E,07
1522234620.27,12:56:44,49.1245535,N,9.2078545,E,07
1522234621.27,12:56:45,49.1245953333,N,9.20785833333,E,07
1522234622.27,12:56:46,49.1246433333,N,9.20785883333,E,07
1522234623.27,12:56:47,49.1246978333,N,9.20786066667,E,07
1522234624.27,12:56:48,49.1247228333,N,9.20786066667,E,07
1522234625.27,12:56:49,49.124761,N,9.20785233333,E,07
1522234626.27,12:56:50,49.1248178333,N,9.20784333333,E,07
1522234627.27,12:56:51,49.1248595,N,9.20786,E,07
1522234628.27,12:56:52,49.1249,N,9.207912,E,07
1522234629.27,12:56:53,49.124949,N,9.2079555,E,07
1522234630.27,12:56:54,49.1249631667,N,9.20800266667,E,07
1522234631.27,12:56:55,49.1249783333,N,9.20807366667,E,06
1522234632.27,12:56:56,49.1249951667,N,9.2081695,E,06
1522234633.27,12:56:57,49.1249923333,N,9.2082795,E,06
1522234634.27,12:56:58,49.1250088333,N,9.208383,E,06
1522234635.27,12:56:59,49.1250426667,N,9.20849466667,E,06
1522234636.27,12:57:00,49.1250315,N,9.20860883333,E,06
1522234637.27,12:57:01,49.1250473333,N,9.20873466667,E,06
1522234638.27,12:57:02,49.1250563333,N,9.20887383333,E,06
1522234639.27,12:57:03,49.1250318333,N,9.20900733333,E,06
1522234640.27,12:57:04,49.1250461667,N,9.20914883333,E,06
1522234641.27,12:57:05,49.125042,N,9.2092885,E,06
1522234642.27,12:57:06,49.1250468333,N,9.2094335,E,06
1522234643.27,12:57:07,49.1250436667,N,9.2095785,E,06
1522234644.27,12:57:08,49.1250725,N,9.20972883333,E,06
1522234645.27,12:57:09,49.1250631667,N,9.209874,E,06
1522234646.27,12:57:10,49.1250516667,N,9.21002033333,E,06
1522234647.27,12:57:11,49.1250283333,N,9.2101665,E,06
1522234648.27,12:57:12,49.125,N,9.21031033333,E,06
1522234649.27,12:57:13,49.1249763333,N,9.21045766667,E,06
1522234650.27,12:57:14,49.124949,N,9.2106025,E,06
1522234651.27,12:57:15,49.1249226667,N,9.21075116667,E,06
1522234652.27,12:57:16,49.1249135,N,9.210909,E,06
1522234653.27,12:57:17,49.1249115,N,9.21106883333,E,06
1522234654.27,12:57:18,49.124896,N,9.21121966667,E,06
1522234655.27,12:57:19,49.1248881667,N,9.21136816667,E,06
1522234656.27,12:57:20,49.1248946667,N,9.21152433333,E,06
1522234657.27,12:57:21,49.1248925,N,9.211678,E,06
1522234658.27,12:57:22,49.1249026667,N,9.211842,E,06
1522234659.27,12:57:23,49.124919,N,9.2120025,E,07
1522234660.27,12:57:24,49.1249388333,N,9.212163,E,06
1522234661.27,12:57:25,49.1249478333,N,9.21231533333,E,06
1522234662.27,12:57:26,49.1249725,N,9.212476,E,06
1522234663.27,12:57:27,49.1249958333,N,9.2126315,E,06
1522234664.27,12:57:28,49.1250225,N,9.2127875,E,06
1522234665.27,12:57:29,49.125051,N,9.21294516667,E,05
1522234666.27,12:57:30,49.1250775,N,9.2130945,E,05
1522234667.27,12:57:31,49.125125,N,9.213251,E,05
1522234668.26,12:57:32,49.1251648333,N,9.21340966667,E,05
1522234669.27,12:57:33,49.1251996667,N,9.21356966667,E,06
1522234670.27,12:57:34,49.1252191667,N,9.21373083333,E,06
1522234671.27,12:57:35,49.1252553333,N,9.21389616667,E,06
1522234672.27,12:57:36,49.1253076667,N,9.21407166667,E,06
1522234673.27,12:57:37,49.1253395,N,9.21423716667,E,06
1522234674.27,12:57:38,49.12537,N,9.2144015,E,06
1522234675.27,12:57:39,49.1254025,N,9.214564,E,06
1522234676.27,12:57:40,49.1254298333,N,9.21472033333,E,06
1522234677.28,12:57:41,49.1254653333,N,9.2148775,E,06
1522234678.27,12:57:42,49.1254975,N,9.21503333333,E,06
1522234679.27,12:57:43,49.1255223333,N,9.215189,E,06
1522234680.27,12:57:44,49.1255488333,N,9.21534683333,E,06
1522234681.27,12:57:45,49.125586,N,9.21550933333,E,06
1522234682.27,12:57:46,49.1256098333,N,9.2156615,E,06
1522234683.27,12:57:47,49.1256356667,N,9.2158075,E,06
1522234684.27,12:57:48,49.1256576667,N,9.21595066667,E,06
1522234685.27,12:57:49,49.1256841667,N,9.21608783333,E,06
1522234686.27,12:57:50,49.1257031667,N,9.21621633333,E,06
1522234687.27,12:57:51,49.1257228333,N,9.216332,E,06
1522234688.27,12:57:52,49.125736,N,9.21642716667,E,06
1522234689.27,12:57:53,49.1257486667,N,9.21650383333,E,06
1522234690.27,12:57:54,49.1257571667,N,9.2165605,E,06
1522234691.27,12:57:55,49.1257626667,N,9.21660216667,E,06
1522234692.27,12:57:56,49.125766,N,9.21662083333,E,06
1522234693.27,12:57:57,49.1257701667,N,9.216628,E,06
1522234694.27,12:57:58,49.1257751667,N,9.21663433333,E,06
1522234695.27,12:57:59,49.1257785,N,9.216638,E,06
1522234696.27,12:58:00,49.1257818333,N,9.216642,E,06
1522234697.27,12:58:01,49.1257848333,N,9.216645,E,06
1522234698.27,12:58:02,49.125787,N,9.21664733333,E,06
1522234699.27,12:58:03,49.125788,N,9.21664883333,E,06
1522234700.27,12:58:04,49.1257898333,N,9.21665033333,E,06
1522234701.27,12:58:05,49.1257916667,N,9.21665383333,E,06
1522234702.27,12:58:06,49.1257926667,N,9.21665566667,E,06
1522234703.27,12:58:07,49.1257945,N,9.2166575,E,06
1522234704.27,12:58:08,49.125794,N,9.21665866667,E,06
1522234705.27,12:58:09,49.1257956667,N,9.21666016667,E,06
1522234706.27,12:58:10,49.125797,N,9.21666183333,E,06
1522234707.27,12:58:11,49.1257981667,N,9.21666266667,E,06
1522234708.27,12:58:12,49.1258001667,N,9.21666383333,E,06
1522234709.27,12:58:13,49.1258035,N,9.21666616667,E,06
1522234710.26,12:58:14,49.1258061667,N,9.21666833333,E,06
1522234711.27,12:58:15,49.1258075,N,9.21666966667,E,06
1522234712.27,12:58:16,49.1258078333,N,9.2166705,E,06
1522234713.27,12:58:17,49.1258108333,N,9.2166725,E,06
1522234714.27,12:58:18,49.125813,N,9.21667383333,E,06
1522234715.27,12:58:19,49.125815,N,9.216675,E,06
1522234716.27,12:58:20,49.1258176667,N,9.21667616667,E,06
1522234717.27,12:58:21,49.1258191667,N,9.216677,E,06
1522234718.27,12:58:22,49.1258211667,N,9.21667816667,E,06
1522234719.27,12:58:23,49.1258238333,N,9.2166805,E,06
1522234720.27,12:58:24,49.125825,N,9.21668133333,E,06
1522234721.27,12:58:25,49.1258266667,N,9.2166825,E,06
1522234722.27,12:58:26,49.125828,N,9.21668383333,E,06
1522234723.27,12:58:27,49.125835,N,9.21668833333,E,07
1522234724.27,12:58:28,49.1258408333,N,9.21669216667,E,07
1522234725.27,12:58:29,49.1258455,N,9.21669616667,E,07
1522234726.27,12:58:30,49.1258481667,N,9.21669916667,E,07
1522234727.27,12:58:31,49.1258515,N,9.21670183333,E,07
1522234728.27,12:58:32,49.1258553333,N,9.21670366667,E,07
1522234729.27,12:58:33,49.1258578333,N,9.21670583333,E,07
1522234730.27,12:58:34,49.1258598333,N,9.2167075,E,07
1522234731.27,12:58:35,49.1258618333,N,9.21670866667,E,07
1522234732.27,12:58:36,49.1258636667,N,9.21671,E,07
1522234733.27,12:58:37,49.1258646667,N,9.21671083333,E,07
1522234734.27,12:58:38,49.1258653333,N,9.21671133333,E,07
1522234735.27,12:58:39,49.125866,N,9.21671166667,E,07
1522234736.27,12:58:40,49.1258665,N,9.21671216667,E,07
1522234737.28,12:58:41,49.125867,N,9.21671266667,E,07
1522234738.27,12:58:42,49.1258676667,N,9.21671283333,E,07
1522234739.27,12:58:43,49.1258685,N,9.21671316667,E,07
1522234740.27,12:58:44,49.1258695,N,9.21671366667,E,07
1522234741.27,12:58:45,49.1258706667,N,9.21671383333,E,07
1522234742.27,12:58:46,49.1258718333,N,9.216714,E,07
1522234743.27,12:58:47,49.1258733333,N,9.21671383333,E,07
1522234744.27,12:58:48,49.1258748333,N,9.216714,E,07
1522234745.27,12:58:49,49.1258761667,N,9.21671416667,E,07
1522234746.27,12:58:50,49.1258776667,N,9.2167145,E,07
1522234747.27,12:58:51,49.1258806667,N,9.2167155,E,07
1522234748.27,12:58:52,49.1258821667,N,9.21671583333,E,07
1522234749.27,12:58:53,49.1258828333,N,9.21671966667,E,07
1522234750.27,12:58:54,49.1258855,N,9.216746,E,07
1522234751.27,12:58:55,49.1258926667,N,9.21679583333,E,07
1522234752.27,12:58:56,49.125903,N,9.21685083333,E,07
1522234753.27,12:58:57,49.1259176667,N,9.216914,E,07
1522234754.27,12:58:58,49.1259533333,N,9.21697533333,E,07
1522234755.27,12:58:59,49.1259978333,N,9.2170185,E,07
1522234756.27,12:59:00,49.1260641667,N,9.21702966667,E,07
1522234757.27,12:59:01,49.1261365,N,9.21702266667,E,07
1522234758.27,12:59:02,49.1262173333,N,9.217014,E,07
1522234759.27,12:59:03,49.1263036667,N,9.21700516667,E,07
1522234760.27,12:59:04,49.1263998333,N,9.21699616667,E,07
1522234761.27,12:59:05,49.1264973333,N,9.21698966667,E,07
1522234762.27,12:59:06,49.1265995,N,9.21698833333,E,07
1522234763.27,12:59:07,49.1266916667,N,9.21699033333,E,07
1522234764.27,12:59:08,49.12677,N,9.2169985,E,07
1522234765.27,12:59:09,49.126835,N,9.21701183333,E,07
1522234766.27,12:59:10,49.1268726667,N,9.217033,E,07
1522234767.27,12:59:11,49.1269031667,N,9.2170365,E,07
1522234768.27,12:59:12,49.1269218333,N,9.21703616667,E,07
1522234769.27,12:59:13,49.1269341667,N,9.21703633333,E,07
1522234770.27,12:59:14,49.1269381667,N,9.21703533333,E,07
1522234771.27,12:59:15,49.1269413333,N,9.21703316667,E,07
1522234772.27,12:59:16,49.1269471667,N,9.2170305,E,07
1522234773.28,12:59:17,49.126947,N,9.21703066667,E,07
1522234774.27,12:59:18,49.12695,N,9.21702866667,E,07
1522234775.27,12:59:19,49.1269576667,N,9.21702716667,E,07
1522234776.27,12:59:20,49.1269603333,N,9.21702583333,E,06
1522234777.28,12:59:21,49.1269625,N,9.217026,E,07
1522234778.27,12:59:22,49.1269615,N,9.21702716667,E,07
1522234779.27,12:59:23,49.1269711667,N,9.21702733333,E,07
1522234780.27,12:59:24,49.1270005,N,9.21702833333,E,07
1522234781.27,12:59:25,49.1270558333,N,9.217032,E,07
1522234782.27,12:59:26,49.127107,N,9.2170415,E,07
1522234783.28,12:59:27,49.1271416667,N,9.21706083333,E,08
1522234784.28,12:59:28,49.1272056667,N,9.217082,E,08
1522234785.28,12:59:29,49.1272831667,N,9.21709483333,E,08
1522234786.27,12:59:30,49.12736,N,9.21710716667,E,08
1522234787.28,12:59:31,49.127442,N,9.21711983333,E,08
1522234788.27,12:59:32,49.1275343333,N,9.21713916667,E,08
1522234789.28,12:59:33,49.127635,N,9.21715966667,E,08
1522234790.27,12:59:34,49.1277413333,N,9.2171795,E,08
1522234791.27,12:59:35,49.1278491667,N,9.21720316667,E,08
1522234792.27,12:59:36,49.127955,N,9.217235,E,06
1522234793.28,12:59:37,49.1280566667,N,9.21726183333,E,07
1522234794.27,12:59:38,49.128163,N,9.21728566667,E,07
1522234795.28,12:59:39,49.1282618333,N,9.21731283333,E,07
1522234796.28,12:59:40,49.1283655,N,9.21733633333,E,07
1522234797.28,12:59:41,49.1284691667,N,9.21736083333,E,07
1522234798.27,12:59:42,49.1285763333,N,9.21738366667,E,08
1522234799.28,12:59:43,49.1286863333,N,9.21740633333,E,08
1522234800.27,12:59:44,49.1287971667,N,9.21742866667,E,08
1522234801.27,12:59:45,49.1289083333,N,9.21745216667,E,08
1522234802.27,12:59:46,49.1290196667,N,9.21747066667,E,08
1522234803.28,12:59:47,49.1291368333,N,9.21749183333,E,08
1522234804.27,12:59:48,49.1292496667,N,9.21751433333,E,08
1522234805.28,12:59:49,49.1293633333,N,9.21753883333,E,08
1522234806.27,12:59:50,49.1294696667,N,9.21756083333,E,08
1522234807.28,12:59:51,49.129585,N,9.21758566667,E,08
1522234808.27,12:59:52,49.129699,N,9.217613,E,08
1522234809.28,12:59:53,49.1298068333,N,9.21763733333,E,08
1522234810.27,12:59:54,49.1299043333,N,9.21765866667,E,08
1522234811.28,12:59:55,49.1299845,N,9.217678,E,08
1522234812.27,12:59:56,49.1300511667,N,9.21769483333,E,08
1522234813.28,12:59:57,49.1301005,N,9.217704,E,08
1522234814.27,12:59:58,49.130145,N,9.2177155,E,08
1522234815.28,12:59:59,49.130171,N,9.21772133333,E,08
1522234816.27,13:00:00,49.1301878333,N,9.21772316667,E,08
1522234817.28,13:00:01,49.1301915,N,9.21772183333,E,08
1522234818.28,13:00:02,49.1301861667,N,9.21771583333,E,08
1522234819.28,13:00:03,49.1301823333,N,9.217711,E,08
1522234820.28,13:00:04,49.1301768333,N,9.21770483333,E,08
1522234821.28,13:00:05,49.1301656667,N,9.2176955,E,08
1522234822.28,13:00:06,49.1301555,N,9.217684,E,08
1522234823.28,13:00:07,49.1301695,N,9.2176855,E,07
1522234824.28,13:00:08,49.1302058333,N,9.21769816667,E,07
1522234825.28,13:00:09,49.1302656667,N,9.21772166667,E,07
1522234826.27,13:00:10,49.1303361667,N,9.2177455,E,07
1522234827.28,13:00:11,49.1304111667,N,9.21777216667,E,08
1522234828.27,13:00:12,49.130499,N,9.217799,E,08
1522234829.27,13:00:13,49.1306033333,N,9.21783133333,E,08
1522234830.27,13:00:14,49.130716,N,9.21786133333,E,08
1522234831.28,13:00:15,49.1308298333,N,9.21789683333,E,08
1522234832.28,13:00:16,49.1309403333,N,9.21792966667,E,08
1522234833.28,13:00:17,49.1310485,N,9.2179665,E,08
1522234834.28,13:00:18,49.1311533333,N,9.21800316667,E,08
1522234835.28,13:00:19,49.1312523333,N,9.218039,E,08
1522234836.27,13:00:20,49.1313543333,N,9.21807733333,E,08
1522234837.28,13:00:21,49.1314555,N,9.21811983333,E,08
1522234838.28,13:00:22,49.1315573333,N,9.21817333333,E,08
1522234839.28,13:00:23,49.1316465,N,9.218236,E,08
1522234840.28,13:00:24,49.1317335,N,9.21830683333,E,07
1522234841.28,13:00:25,49.1318185,N,9.21838283333,E,07
1522234842.27,13:00:26,49.1318911667,N,9.21847833333,E,06
1522234843.28,13:00:27,49.131973,N,9.21855566667,E,07
1522234844.27,13:00:28,49.1320623333,N,9.21863083333,E,06
1522234845.27,13:00:29,49.1320973333,N,9.21874916667,E,05
1522234846.27,13:00:30,49.1320845,N,9.21890466667,E,06
1522234847.28,13:00:31,49.132086,N,9.2190585,E,07
1522234848.27,13:00:32,49.13208,N,9.21921283333,E,08
1522234849.28,13:00:33,49.1320808333,N,9.21936283333,E,08
1522234850.27,13:00:34,49.132086,N,9.21950233333,E,08
1522234851.28,13:00:35,49.1320805,N,9.21962783333,E,08
1522234852.27,13:00:36,49.1320878333,N,9.21973683333,E,08
1522234853.27,13:00:37,49.1320793333,N,9.21983033333,E,07
1522234854.28,13:00:38,49.1320706667,N,9.21989666667,E,08
1522234855.28,13:00:39,49.1320541667,N,9.21989933333,E,08
1522234856.32,13:00:40,49.1320536667,N,9.21990683333,E,08
1522234857.29,13:00:41,49.132132,N,9.21988716667,E,07
1522234858.28,13:00:42,49.132233,N,9.21991766667,E,08
1522234859.28,13:00:43,49.132356,N,9.21994583333,E,08
1522234860.28,13:00:44,49.1324788333,N,9.2199775,E,08
1522234861.29,13:00:45,49.1325711667,N,9.220002,E,08
1522234862.28,13:00:46,49.1326046667,N,9.220018,E,08
1522234863.28,13:00:47,49.1325838333,N,9.22003283333,E,08
1522234864.28,13:00:48,49.13259,N,9.22003966667,E,08
1522234865.28,13:00:49,49.132606,N,9.2200445,E,08
1522234866.28,13:00:50,49.1326261667,N,9.22005383333,E,08
1522234867.28,13:00:51,49.1326423333,N,9.22006233333,E,08
1522234868.28,13:00:52,49.1326571667,N,9.22007183333,E,08
1522234869.28,13:00:53,49.1326731667,N,9.22008183333,E,08
1522234870.28,13:00:54,49.1326861667,N,9.22009016667,E,08
1522234871.28,13:00:55,49.1326976667,N,9.22009716667,E,08
1522234872.28,13:00:56,49.1327081667,N,9.22010316667,E,08
1522234873.28,13:00:57,49.1327155,N,9.22010866667,E,08
1522234874.28,13:00:58,49.1327238333,N,9.22011333333,E,08
1522234875.28,13:00:59,49.1327311667,N,9.22011816667,E,08
1522234876.28,13:01:00,49.132738,N,9.22012266667,E,08
1522234877.28,13:01:01,49.1327471667,N,9.22012733333,E,08
1522234878.28,13:01:02,49.1327521667,N,9.22013083333,E,08
1522234879.28,13:01:03,49.132757,N,9.22013466667,E,08
1522234880.28,13:01:04,49.1327595,N,9.220137,E,08
1522234881.28,13:01:05,49.1327618333,N,9.2201395,E,08
1522234882.28,13:01:06,49.1327646667,N,9.220142,E,08
1522234883.28,13:01:07,49.1327665,N,9.22014483333,E,08
1522234884.28,13:01:08,49.1327686667,N,9.220147,E,08
1522234885.28,13:01:09,49.1327703333,N,9.22014816667,E,08
1522234886.28,13:01:10,49.1327733333,N,9.22015033333,E,08
1522234887.28,13:01:11,49.1327758333,N,9.22015183333,E,08
1522234888.28,13:01:12,49.1327773333,N,9.220153,E,08
1522234889.28,13:01:13,49.1327786667,N,9.22015416667,E,08
1522234890.27,13:01:14,49.1327808333,N,9.2201555,E,08
1522234891.28,13:01:15,49.1327816667,N,9.22015633333,E,08
1522234892.28,13:01:16,49.1327821667,N,9.22015783333,E,08
1522234893.28,13:01:17,49.1327828333,N,9.22015916667,E,08
1522234894.28,13:01:18,49.1327831667,N,9.2201605,E,08
1522234895.28,13:01:19,49.1327833333,N,9.22016166667,E,08
1522234896.28,13:01:20,49.1327838333,N,9.22016216667,E,08
1522234897.29,13:01:21,49.132786,N,9.22016366667,E,09
1522234898.28,13:01:22,49.13279,N,9.220165,E,09
1522234899.28,13:01:23,49.1328043333,N,9.22017416667,E,09
1522234900.28,13:01:24,49.1328405,N,9.22018566667,E,09
1522234901.28,13:01:25,49.1328911667,N,9.2202105,E,09
1522234902.28,13:01:26,49.132969,N,9.22022866667,E,09
1522234903.29,13:01:27,49.1330408333,N,9.22025683333,E,09
1522234904.28,13:01:28,49.1331236667,N,9.22027933333,E,09
1522234905.28,13:01:29,49.1332125,N,9.220294,E,09
1522234906.28,13:01:30,49.1333046667,N,9.22030866667,E,09
1522234907.28,13:01:31,49.1333915,N,9.22032316667,E,09
1522234908.28,13:01:32,49.133472,N,9.22033533333,E,09
1522234909.28,13:01:33,49.1335426667,N,9.22034716667,E,09
1522234910.28,13:01:34,49.1336053333,N,9.22035883333,E,09
1522234911.28,13:01:35,49.133655,N,9.2203695,E,09
1522234912.28,13:01:36,49.1336933333,N,9.22037866667,E,09
1522234913.28,13:01:37,49.1337143333,N,9.220384,E,09
1522234914.28,13:01:38,49.1337255,N,9.2203875,E,09
1522234915.28,13:01:39,49.1337321667,N,9.220389,E,09
1522234916.28,13:01:40,49.1337353333,N,9.22038883333,E,09
1522234917.29,13:01:41,49.133738,N,9.2203885,E,09
1522234918.28,13:01:42,49.1337405,N,9.220388,E,09
1522234919.28,13:01:43,49.1337423333,N,9.2203875,E,09
1522234920.28,13:01:44,49.133744,N,9.2203875,E,09
1522234921.28,13:01:45,49.1337461667,N,9.22038616667,E,09
1522234922.28,13:01:46,49.1337481667,N,9.22038533333,E,09
1522234923.28,13:01:47,49.1337495,N,9.22038366667,E,09
1522234924.28,13:01:48,49.1337521667,N,9.22038183333,E,08
1522234925.28,13:01:49,49.1337538333,N,9.22038183333,E,08
1522234926.28,13:01:50,49.1337561667,N,9.2203815,E,08
1522234927.28,13:01:51,49.1337578333,N,9.220381,E,08
1522234928.28,13:01:52,49.1337601667,N,9.22038066667,E,08
1522234929.28,13:01:53,49.1337631667,N,9.2203795,E,09
1522234930.28,13:01:54,49.1337656667,N,9.22037966667,E,09
1522234931.28,13:01:55,49.1337685,N,9.22037966667,E,09
1522234932.28,13:01:56,49.1337716667,N,9.22037833333,E,09
1522234933.28,13:01:57,49.1337748333,N,9.22037716667,E,09
1522234934.28,13:01:58,49.1337783333,N,9.22037633333,E,09
1522234935.28,13:01:59,49.1337918333,N,9.2203795,E,09
1522234936.28,13:02:00,49.1338213333,N,9.22038733333,E,09
1522234937.28,13:02:01,49.1338623333,N,9.22039616667,E,09
1522234938.28,13:02:02,49.133906,N,9.220405,E,09
1522234939.28,13:02:03,49.1339595,N,9.220416,E,09
1522234940.28,13:02:04,49.1340186667,N,9.22042983333,E,09
1522234941.28,13:02:05,49.1340796667,N,9.220441,E,09
1522234942.28,13:02:06,49.1341491667,N,9.22045666667,E,08
1522234943.28,13:02:07,49.1342293333,N,9.22047983333,E,08
1522234944.28,13:02:08,49.1343031667,N,9.220501,E,08
1522234945.28,13:02:09,49.1343763333,N,9.22051966667,E,08
1522234946.28,13:02:10,49.1344498333,N,9.22053733333,E,08
1522234947.28,13:02:11,49.1345313333,N,9.22055283333,E,08
1522234948.28,13:02:12,49.1346066667,N,9.22056383333,E,08
1522234949.28,13:02:13,49.1346868333,N,9.22058316667,E,08
1522234950.27,13:02:14,49.1347746667,N,9.22060183333,E,08
1522234951.28,13:02:15,49.1348595,N,9.22062033333,E,08
1522234952.28,13:02:16,49.1349488333,N,9.22064316667,E,08
1522234953.28,13:02:17,49.1350421667,N,9.22066433333,E,08
1522234954.28,13:02:18,49.1351373333,N,9.22068733333,E,08
1522234955.28,13:02:19,49.1352311667,N,9.22071116667,E,08
1522234956.28,13:02:20,49.1353235,N,9.2207325,E,08
1522234957.28,13:02:21,49.1354146667,N,9.220753,E,08
1522234958.28,13:02:22,49.1355036667,N,9.220768,E,08
1522234959.28,13:02:23,49.1355898333,N,9.220787,E,08
1522234960.28,13:02:24,49.1356758333,N,9.22081166667,E,08
1522234961.28,13:02:25,49.1357568333,N,9.22083066667,E,08
1522234962.28,13:02:26,49.1358086667,N,9.22084316667,E,08
1522234963.28,13:02:27,49.1358686667,N,9.22086,E,08
1522234964.28,13:02:28,49.1359293333,N,9.22087333333,E,08
1522234965.28,13:02:29,49.1359878333,N,9.220884,E,08
1522234966.28,13:02:30,49.1360573333,N,9.22090216667,E,09
1522234967.28,13:02:31,49.1361275,N,9.22091983333,E,09
1522234968.27,13:02:32,49.136199,N,9.220941,E,09
1522234969.28,13:02:33,49.1362778333,N,9.22095783333,E,09
1522234970.28,13:02:34,49.1363561667,N,9.22096416667,E,09
1522234971.28,13:02:35,49.1364525,N,9.22098566667,E,09
1522234972.28,13:02:36,49.1365385,N,9.22100066667,E,09
1522234973.28,13:02:37,49.136636,N,9.2210285,E,09
1522234974.27,13:02:38,49.1367346667,N,9.22105283333,E,09
1522234975.27,13:02:39,49.1368268333,N,9.221072,E,08
1522234976.28,13:02:40,49.1369293333,N,9.2210985,E,09
1522234977.28,13:02:41,49.1370308333,N,9.22112583333,E,08
1522234978.28,13:02:42,49.1371301667,N,9.22114466667,E,08
1522234979.28,13:02:43,49.137231,N,9.22116533333,E,08
1522234980.28,13:02:44,49.137332,N,9.22117966667,E,08
1522234981.28,13:02:45,49.137431,N,9.221188,E,08
1522234982.28,13:02:46,49.1375268333,N,9.22119316667,E,08
1522234983.28,13:02:47,49.1376246667,N,9.22118983333,E,08
1522234984.28,13:02:48,49.1377191667,N,9.22118183333,E,08
1522234985.28,13:02:49,49.1378145,N,9.22117166667,E,08
1522234986.27,13:02:50,49.137911,N,9.22116116667,E,08
1522234987.28,13:02:51,49.1379953333,N,9.22114333333,E,08
1522234988.27,13:02:52,49.1380856667,N,9.2211315,E,08
1522234989.27,13:02:53,49.1381805,N,9.22112516667,E,07
1522234990.28,13:02:54,49.1382741667,N,9.22111583333,E,07
1522234991.28,13:02:55,49.1383711667,N,9.22110683333,E,07
1522234992.28,13:02:56,49.1384736667,N,9.22109666667,E,08
1522234993.28,13:02:57,49.1385768333,N,9.22108033333,E,08
1522234994.27,13:02:58,49.1386773333,N,9.2210605,E,07
1522234995.28,13:02:59,49.1387916667,N,9.22105633333,E,08
1522234996.28,13:03:00,49.1389021667,N,9.22105,E,09
1522234997.28,13:03:01,49.1390113333,N,9.2210415,E,09
1522234998.28,13:03:02,49.1391195,N,9.22103183333,E,08
1522234999.28,13:03:03,49.1392271667,N,9.2210225,E,09
1522235000.28,13:03:04,49.139333,N,9.22101216667,E,09
1522235001.28,13:03:05,49.1394331667,N,9.22099833333,E,08
1522235002.27,13:03:06,49.1395295,N,9.220986,E,08
1522235003.28,13:03:07,49.1396233333,N,9.22098833333,E,08
1522235004.27,13:03:08,49.1397123333,N,9.22101366667,E,08
1522235005.28,13:03:09,49.1397986667,N,9.22105033333,E,09
1522235006.28,13:03:10,49.139874,N,9.2211005,E,09
1522235007.28,13:03:11,49.139973,N,9.221168,E,08
1522235008.27,13:03:12,49.1400571667,N,9.22122866667,E,08
1522235009.28,13:03:13,49.1401263333,N,9.22129416667,E,08
1522235010.28,13:03:14,49.1401941667,N,9.22137416667,E,08
1522235011.28,13:03:15,49.1402681667,N,9.2214585,E,08
1522235012.28,13:03:16,49.1403381667,N,9.22154016667,E,08
1522235013.28,13:03:17,49.140417,N,9.22162133333,E,09
1522235014.28,13:03:18,49.1404921667,N,9.221683,E,09
1522235015.28,13:03:19,49.1405781667,N,9.221739,E,08
1522235016.28,13:03:20,49.1406628333,N,9.221787,E,08
1522235017.29,13:03:21,49.1407638333,N,9.22183166667,E,09
1522235018.28,13:03:22,49.1408608333,N,9.22187416667,E,09
1522235019.28,13:03:23,49.1409618333,N,9.22191783333,E,09
1522235020.28,13:03:24,49.1410641667,N,9.22196183333,E,09
1522235021.28,13:03:25,49.1411658333,N,9.222008,E,09
1522235022.28,13:03:26,49.1412693333,N,9.22204883333,E,09
1522235023.28,13:03:27,49.1413748333,N,9.22208483333,E,09
1522235024.27,13:03:28,49.1414791667,N,9.22212133333,E,08
1522235025.28,13:03:29,49.1415721667,N,9.22215366667,E,08
1522235026.28,13:03:30,49.141663,N,9.22218066667,E,08
1522235027.28,13:03:31,49.1417646667,N,9.22221433333,E,09
1522235028.28,13:03:32,49.1418711667,N,9.2222485,E,09
1522235029.28,13:03:33,49.1419791667,N,9.22228266667,E,09
1522235030.28,13:03:34,49.1420891667,N,9.22231516667,E,09
1522235031.28,13:03:35,49.1421965,N,9.2223435,E,09
1522235032.28,13:03:36,49.1423,N,9.222373,E,09
1522235033.28,13:03:37,49.1424001667,N,9.22240183333,E,09
1522235034.28,13:03:38,49.1424973333,N,9.22243133333,E,09
1522235035.28,13:03:37,49.1425923333,N,9.22246033333,E,08
1522235036.28,13:03:38,49.1426855,N,9.22248766667,E,09
1522235037.28,13:03:39,49.1427666667,N,9.222513,E,09
1522235038.28,13:03:40,49.1428331667,N,9.22253383333,E,09
1522235039.28,13:03:41,49.1428865,N,9.22254933333,E,09
1522235040.28,13:03:42,49.1429303333,N,9.22256233333,E,09
1522235041.28,13:03:43,49.1429585,N,9.22257283333,E,09
1522235042.28,13:03:44,49.1429705,N,9.2225735,E,09
1522235043.28,13:03:45,49.1429736667,N,9.22257466667,E,09
1522235044.28,13:03:46,49.142975,N,9.222577,E,09
1522235045.29,13:03:47,49.142976,N,9.2225775,E,09
1522235046.28,13:03:48,49.1429715,N,9.222579,E,09
1522235047.28,13:03:49,49.142973,N,9.22257933333,E,09
1522235048.28,13:03:50,49.1429691667,N,9.22258016667,E,09
1522235049.28,13:03:51,49.1429706667,N,9.22258183333,E,09
1522235050.28,13:03:52,49.1429678333,N,9.22258316667,E,09
1522235051.28,13:03:53,49.1429646667,N,9.2225845,E,09
1522235052.28,13:03:54,49.1429663333,N,9.22258366667,E,09
1522235053.28,13:03:55,49.142963,N,9.22258333333,E,09
1522235054.28,13:03:56,49.1429635,N,9.222584,E,09
1522235055.28,13:03:57,49.1429645,N,9.22258466667,E,09
1522235056.28,13:03:58,49.1429658333,N,9.2225855,E,09
1522235057.28,13:03:59,49.1429676667,N,9.22258566667,E,09
1522235058.28,13:04:00,49.142969,N,9.222585,E,09
1522235059.28,13:04:01,49.1429701667,N,9.2225855,E,09
1522235060.28,13:04:02,49.1429708333,N,9.22258666667,E,09
1522235061.28,13:04:03,49.1429711667,N,9.22258716667,E,09
1522235062.28,13:04:04,49.1429715,N,9.22258783333,E,09
1522235063.28,13:04:05,49.1429711667,N,9.2225885,E,09
1522235064.28,13:04:06,49.1429713333,N,9.22258883333,E,09
1522235065.28,13:04:07,49.1429716667,N,9.22258933333,E,09
1522235066.28,13:04:08,49.1429726667,N,9.2225895,E,09
1522235067.28,13:04:09,49.142973,N,9.22259,E,09
1522235068.28,13:04:10,49.1429736667,N,9.22259016667,E,09
1522235069.28,13:04:11,49.1429736667,N,9.22259133333,E,09
1522235070.28,13:04:12,49.142974,N,9.222592,E,09
1522235071.28,13:04:13,49.1429745,N,9.22259283333,E,09
1522235072.28,13:04:14,49.1429745,N,9.22259333333,E,09
1522235073.28,13:04:15,49.1429748333,N,9.22259416667,E,09
1522235074.28,13:04:16,49.1429778333,N,9.22259533333,E,09
1522235075.29,13:04:17,49.1429896667,N,9.222598,E,09
1522235076.28,13:04:18,49.1430145,N,9.22260633333,E,09
1522235077.28,13:04:19,49.1430496667,N,9.22261916667,E,09
1522235078.28,13:04:20,49.143091,N,9.22262916667,E,09
1522235079.28,13:04:21,49.143136,N,9.2226405,E,09
1522235080.28,13:04:22,49.1431811667,N,9.22265266667,E,09
1522235081.28,13:04:23,49.1432225,N,9.222665,E,09
1522235082.28,13:04:24,49.1432531667,N,9.222674,E,08
1522235083.29,13:04:25,49.1432751667,N,9.22268083333,E,08
1522235084.28,13:04:26,49.1432891667,N,9.222685,E,09
1522235085.28,13:04:27,49.143298,N,9.22268716667,E,09
1522235086.28,13:04:28,49.1433013333,N,9.22268783333,E,09
1522235087.28,13:04:29,49.1433023333,N,9.222689,E,09
1522235088.28,13:04:30,49.1433028333,N,9.22269,E,09
1522235089.28,13:04:31,49.1433028333,N,9.2226905,E,09
1522235090.28,13:04:32,49.1433026667,N,9.22269183333,E,08
1522235091.28,13:04:33,49.1433023333,N,9.2226925,E,09
1522235092.28,13:04:34,49.1433018333,N,9.22269283333,E,09
1522235093.28,13:04:35,49.1433015,N,9.22269316667,E,09
1522235094.28,13:04:36,49.1433011667,N,9.2226935,E,09
1522235095.28,13:04:37,49.1433023333,N,9.22269383333,E,09
1522235096.28,13:04:38,49.143305,N,9.22269516667,E,09
1522235097.29,13:04:39,49.1433161667,N,9.22269583333,E,09
1522235098.28,13:04:40,49.143332,N,9.2227,E,09
1522235099.28,13:04:41,49.143351,N,9.2227025,E,09
1522235100.28,13:04:42,49.1433683333,N,9.22270583333,E,09
1522235101.29,13:04:43,49.143387,N,9.222709,E,09
1522235102.28,13:04:44,49.143404,N,9.22271133333,E,09
1522235103.28,13:04:45,49.1434176667,N,9.22271166667,E,09
1522235104.28,13:04:46,49.1434303333,N,9.22271383333,E,09
1522235105.28,13:04:47,49.143442,N,9.2227165,E,08
1522235106.28,13:04:48,49.143454,N,9.22271766667,E,09
1522235107.28,13:04:49,49.1434656667,N,9.22271866667,E,09
1522235108.28,13:04:50,49.1434775,N,9.22271866667,E,08
1522235109.28,13:04:51,49.1434881667,N,9.22272066667,E,08
1522235110.28,13:04:52,49.1434955,N,9.22272216667,E,08
1522235111.28,13:04:53,49.1434965,N,9.22271983333,E,08
1522235112.28,13:04:54,49.143496,N,9.22271666667,E,08
1522235113.28,13:04:55,49.1435025,N,9.2227155,E,08
1522235114.28,13:04:56,49.1435086667,N,9.22271583333,E,08
1522235115.28,13:04:57,49.1435165,N,9.2227165,E,08
1522235116.28,13:04:58,49.1435281667,N,9.22271766667,E,08
1522235117.28,13:04:59,49.1435411667,N,9.222719,E,08
1522235118.28,13:05:00,49.1435528333,N,9.22272083333,E,08
1522235119.28,13:05:01,49.1435665,N,9.22272083333,E,08
1522235120.28,13:05:02,49.1435785,N,9.22272166667,E,08
1522235121.28,13:05:03,49.14359,N,9.22272133333,E,08
1522235122.28,13:05:04,49.1435953333,N,9.22271783333,E,08
1522235123.28,13:05:05,49.1435981667,N,9.2227155,E,08
1522235124.28,13:05:06,49.1436008333,N,9.22271366667,E,08
1522235125.28,13:05:07,49.1436128333,N,9.2227135,E,08
1522235126.28,13:05:08,49.1436313333,N,9.22271533333,E,08
1522235127.28,13:05:09,49.1436538333,N,9.22271866667,E,08
1522235128.28,13:05:10,49.143677,N,9.22272216667,E,09
1522235129.28,13:05:11,49.143704,N,9.22273116667,E,09
1522235130.28,13:05:12,49.143738,N,9.2227445,E,09
1522235131.28,13:05:13,49.1437756667,N,9.22276383333,E,09
1522235132.28,13:05:14,49.1438105,N,9.22277766667,E,09
1522235133.28,13:05:15,49.1438451667,N,9.22278916667,E,09
1522235134.28,13:05:16,49.14388,N,9.22279316667,E,09
1522235135.28,13:05:17,49.1439115,N,9.2227905,E,09
1522235136.28,13:05:18,49.1439376667,N,9.22279033333,E,09
1522235137.28,13:05:19,49.1439828333,N,9.22282766667,E,09
1522235138.28,13:05:20,49.1440105,N,9.22283333333,E,09
1522235139.28,13:05:21,49.1440341667,N,9.2228305,E,09
1522235140.28,13:05:22,49.1440513333,N,9.22283283333,E,09
1522235141.28,13:05:23,49.1440575,N,9.22282783333,E,09
1522235142.28,13:05:24,49.1440475,N,9.22278833333,E,09
1522235143.29,13:05:25,49.1440573333,N,9.22276816667,E,09
1522235144.28,13:05:26,49.1440676667,N,9.222754,E,09
1522235145.28,13:05:27,49.1440795,N,9.2227445,E,09
1522235146.28,13:05:28,49.1440858333,N,9.22274533333,E,09
1522235147.28,13:05:29,49.144092,N,9.22274183333,E,09
1522235148.28,13:05:30,49.1440993333,N,9.22274083333,E,09
1522235149.28,13:05:31,49.1441025,N,9.22274633333,E,09
1522235150.28,13:05:32,49.144111,N,9.2227555,E,09
1522235151.28,13:05:33,49.1441241667,N,9.22276583333,E,09
1522235152.28,13:05:34,49.144127,N,9.22276983333,E,09
1522235153.28,13:05:35,49.1441323333,N,9.22277433333,E,09
1522235154.28,13:05:36,49.1441365,N,9.2227795,E,09
1522235155.28,13:05:37,49.1441436667,N,9.222782,E,09
1522235156.28,13:05:38,49.1441555,N,9.222791,E,09
1522235157.28,13:05:39,49.1441623333,N,9.22279783333,E,09
1522235158.28,13:05:40,49.1441636667,N,9.22280483333,E,09
1522235159.28,13:05:41,49.144164,N,9.22281416667,E,09
1522235160.28,13:05:42,49.1441643333,N,9.222821,E,09
1522235161.28,13:05:43,49.1441651667,N,9.2228255,E,09
1522235162.28,13:05:44,49.1441663333,N,9.22283266667,E,09
1522235163.28,13:05:45,49.1441666667,N,9.2228375,E,09
1522235164.28,13:05:46,49.1441675,N,9.22284416667,E,09
1522235165.28,13:05:47,49.1441676667,N,9.22284966667,E,09
1522235166.28,13:05:48,49.1441661667,N,9.2228535,E,09
1522235167.28,13:05:49,49.1441718333,N,9.22286233333,E,09
1522235168.28,13:05:50,49.144193,N,9.2228765,E,09
1522235169.28,13:05:51,49.1442253333,N,9.222879,E,09
1522235170.28,13:05:52,49.1442571667,N,9.22287916667,E,09
1522235171.28,13:05:53,49.144291,N,9.22288566667,E,09
1522235172.28,13:05:54,49.144323,N,9.22287983333,E,09
1522235173.28,13:05:55,49.1443565,N,9.22287816667,E,09
1522235174.28,13:05:56,49.1443946667,N,9.22287833333,E,09
1522235175.28,13:05:57,49.144428,N,9.22287633333,E,09
1522235176.28,13:05:58,49.14446,N,9.222878,E,09
1522235177.28,13:05:59,49.1444933333,N,9.222888,E,09
1522235178.28,13:06:00,49.1445333333,N,9.2229025,E,09
1522235179.28,13:06:01,49.144577,N,9.2229165,E,09
1522235180.28,13:06:02,49.1446058333,N,9.22291716667,E,09
1522235181.28,13:06:03,49.1446106667,N,9.22288416667,E,09
1522235182.28,13:06:04,49.144653,N,9.22288933333,E,09
1522235183.28,13:06:05,49.1447115,N,9.22290316667,E,09
1522235184.28,13:06:06,49.1447841667,N,9.22291466667,E,09
1522235185.28,13:06:07,49.1448595,N,9.22292433333,E,09
1522235186.28,13:06:08,49.1449391667,N,9.22295916667,E,09
1522235187.28,13:06:09,49.1450206667,N,9.22299466667,E,09
1522235188.28,13:06:10,49.1450985,N,9.22302866667,E,09
1522235189.28,13:06:11,49.1451771667,N,9.2230595,E,09
1522235190.28,13:06:12,49.1452526667,N,9.22308016667,E,09
1522235191.28,13:06:13,49.1453208333,N,9.22309316667,E,09
1522235192.28,13:06:14,49.1453735,N,9.22311583333,E,09
1522235193.28,13:06:15,49.1454028333,N,9.22313033333,E,09
1522235194.28,13:06:16,49.1454228333,N,9.2231465,E,09
1522235195.28,13:06:17,49.1454355,N,9.22315566667,E,09
1522235196.28,13:06:18,49.1454435,N,9.22316366667,E,09
1522235197.28,13:06:19,49.145451,N,9.22316983333,E,09
1522235198.28,13:06:20,49.145462,N,9.223176,E,09
1522235199.28,13:06:21,49.1454781667,N,9.223183,E,09
1522235200.28,13:06:22,49.145484,N,9.2231845,E,09
1522235201.28,13:06:23,49.1454823333,N,9.22318733333,E,09
1522235202.28,13:06:24,49.1455058333,N,9.22320033333,E,09
1522235203.29,13:06:25,49.145539,N,9.22321616667,E,09
1522235204.27,13:06:26,49.145577,N,9.2232305,E,09
1522235205.28,13:06:27,49.1456238333,N,9.22324233333,E,09
1522235206.28,13:06:28,49.1456711667,N,9.22324833333,E,09
1522235207.28,13:06:29,49.1457226667,N,9.22325533333,E,09
1522235208.28,13:06:30,49.1457773333,N,9.2232625,E,09
1522235209.28,13:06:31,49.1458245,N,9.2232655,E,09
1522235210.28,13:06:32,49.1458721667,N,9.22325416667,E,09
1522235211.28,13:06:33,49.1459093333,N,9.223226,E,09
1522235212.28,13:06:34,49.1459446667,N,9.22319383333,E,09
1522235213.28,13:06:35,49.1459753333,N,9.22314716667,E,09
1522235214.28,13:06:36,49.1460028333,N,9.22310133333,E,09
1522235215.28,13:06:37,49.1460233333,N,9.22304233333,E,09
1522235216.28,13:06:38,49.1460375,N,9.2229775,E,09
1522235217.29,13:06:39,49.1460403333,N,9.22291133333,E,09
1522235218.28,13:06:40,49.1460425,N,9.22284433333,E,09
1522235219.28,13:06:41,49.146064,N,9.2227815,E,09
1522235220.28,13:06:42,49.1460765,N,9.22272166667,E,09
1522235221.29,13:06:43,49.1461056667,N,9.22267266667,E,09
1522235222.28,13:06:44,49.1461235,N,9.222642,E,09
1522235223.28,13:06:45,49.146134,N,9.22261633333,E,09
1522235224.28,13:06:46,49.1461406667,N,9.22259033333,E,09
1522235225.28,13:06:47,49.1461385,N,9.22257616667,E,09
1522235226.27,13:06:48,49.1461406667,N,9.2225715,E,09
1522235227.28,13:06:49,49.1461395,N,9.22256933333,E,09
1522235228.28,13:06:50,49.1461436667,N,9.22256383333,E,09
1522235229.28,13:06:51,49.146157,N,9.22254933333,E,09
1522235230.28,13:06:52,49.1461706667,N,9.2225425,E,09
1522235231.28,13:06:53,49.1461763333,N,9.22253633333,E,09
1522235232.28,13:06:54,49.1461845,N,9.22253616667,E,09
1522235233.28,13:06:55,49.1461868333,N,9.22253533333,E,09
1522235234.28,13:06:56,49.1461911667,N,9.222537,E,09
1522235235.28,13:06:57,49.146194,N,9.222538,E,09
1522235236.28,13:06:58,49.1461966667,N,9.222538,E,08
1522235237.28,13:06:59,49.1461991667,N,9.222539,E,08
1522235238.28,13:07:00,49.1462011667,N,9.22253983333,E,08
1522235239.28,13:07:01,49.1462031667,N,9.22254116667,E,08
1522235240.28,13:07:02,49.1462028333,N,9.22254083333,E,08
1522235241.28,13:07:03,49.1462038333,N,9.22254,E,08
1522235242.27,13:07:04,49.1462058333,N,9.222536,E,08
1522235243.28,13:07:05,49.1462095,N,9.22253383333,E,08
1522235244.27,13:07:06,49.1462143333,N,9.222534,E,08
1522235245.28,13:07:07,49.1462181667,N,9.22252666667,E,08
1522235246.28,13:07:08,49.1462326667,N,9.22251066667,E,08
1522235247.28,13:07:09,49.14624,N,9.2224845,E,08
1522235248.28,13:07:10,49.1462381667,N,9.2224395,E,09
1522235249.28,13:07:11,49.1462533333,N,9.22239066667,E,09
1522235250.28,13:07:12,49.146268,N,9.2223355,E,09
1522235251.28,13:07:13,49.1462803333,N,9.222269,E,09
1522235252.29,13:07:14,49.146298,N,9.2221965,E,09
1522235253.28,13:07:15,49.1463116667,N,9.22211333333,E,09
1522235254.28,13:07:16,49.1463345,N,9.222026,E,09
1522235255.28,13:07:17,49.1463501667,N,9.2219325,E,09
1522235256.28,13:07:18,49.1463625,N,9.221838,E,09
1522235257.28,13:07:19,49.1463768333,N,9.22175316667,E,08
1522235258.28,13:07:20,49.1463966667,N,9.2216785,E,08
1522235259.28,13:07:21,49.1464343333,N,9.22161433333,E,08
1522235260.28,13:07:22,49.1464548333,N,9.2215505,E,09
1522235261.28,13:07:23,49.1464773333,N,9.221501,E,09
1522235262.28,13:07:24,49.1464911667,N,9.22146716667,E,09
1522235263.29,13:07:25,49.1465056667,N,9.2214395,E,09
1522235264.28,13:07:26,49.146519,N,9.22139733333,E,09
1522235265.28,13:07:27,49.1466078333,N,9.221383,E,09
1522235266.28,13:07:28,49.1466476667,N,9.22134516667,E,09
1522235267.28,13:07:29,49.1466905,N,9.22130616667,E,09
1522235268.28,13:07:30,49.1467426667,N,9.221269,E,09
1522235269.28,13:07:31,49.1468003333,N,9.22123516667,E,09
1522235270.28,13:07:32,49.146857,N,9.2212295,E,09
1522235271.28,13:07:33,49.1469316667,N,9.22121933333,E,09
1522235272.28,13:07:34,49.1470071667,N,9.22120766667,E,09
1522235273.28,13:07:35,49.1470823333,N,9.22121216667,E,08
1522235274.28,13:07:36,49.1471603333,N,9.2212145,E,09
1522235275.28,13:07:37,49.1472411667,N,9.22121683333,E,08
1522235276.28,13:07:38,49.1473346667,N,9.2212455,E,09
1522235277.29,13:07:39,49.1474281667,N,9.22126983333,E,09
1522235278.28,13:07:40,49.1475195,N,9.22128066667,E,09
1522235279.28,13:07:41,49.1476093333,N,9.2212885,E,09
1522235280.28,13:07:42,49.1476838333,N,9.2212945,E,09
1522235281.28,13:07:43,49.1477655,N,9.22129883333,E,09
1522235282.28,13:07:44,49.147828,N,9.22130283333,E,09
1522235283.28,13:07:45,49.1478678333,N,9.22130533333,E,09
1522235284.28,13:07:46,49.147895,N,9.22130883333,E,09
1522235285.28,13:07:47,49.1479116667,N,9.2213145,E,09
1522235286.28,13:07:48,49.1479261667,N,9.22131816667,E,09
1522235287.28,13:07:49,49.1479383333,N,9.22132316667,E,09
1522235288.28,13:07:50,49.1479483333,N,9.22132833333,E,09
1522235289.28,13:07:51,49.1479573333,N,9.22133033333,E,09
1522235290.28,13:07:52,49.1479663333,N,9.22133733333,E,09
1522235291.28,13:07:53,49.1479885,N,9.22133983333,E,09
1522235292.28,13:07:54,49.148009,N,9.221333,E,09
1522235293.28,13:07:55,49.1480323333,N,9.2213295,E,09
1522235294.28,13:07:56,49.148057,N,9.22131916667,E,09
1522235295.28,13:07:57,49.1480855,N,9.221293,E,09
1522235296.28,13:07:58,49.1480953333,N,9.22126483333,E,09
1522235297.28,13:07:59,49.1481493333,N,9.2212515,E,09
1522235298.28,13:08:00,49.1481788333,N,9.22122066667,E,09
1522235299.29,13:08:01,49.1481956667,N,9.22118233333,E,09
1522235300.28,13:08:02,49.1482198333,N,9.2211385,E,08
1522235301.28,13:08:03,49.1482383333,N,9.22110283333,E,08
1522235302.27,13:08:04,49.1482538333,N,9.22105983333,E,08
1522235303.28,13:08:05,49.1482691667,N,9.2210235,E,08
1522235304.28,13:08:06,49.1483033333,N,9.22099333333,E,08
1522235305.28,13:08:07,49.1483136667,N,9.220967,E,08
1522235306.28,13:08:08,49.1483141667,N,9.22095483333,E,09
1522235307.28,13:08:09,49.1483201667,N,9.22094866667,E,09
1522235308.28,13:08:10,49.1483208333,N,9.22094316667,E,09
1522235309.28,13:08:11,49.1483255,N,9.2209385,E,09
1522235310.28,13:08:12,49.1483255,N,9.22093333333,E,09
1522235311.28,13:08:13,49.1483308333,N,9.2209295,E,09
1522235312.28,13:08:14,49.1483316667,N,9.22093416667,E,09
1522235313.28,13:08:15,49.1483328333,N,9.220937,E,08
1522235314.28,13:08:16,49.1483343333,N,9.22093983333,E,07
1522235315.28,13:08:17,49.1483391667,N,9.220939,E,07
1522235316.28,13:08:18,49.1483431667,N,9.22093983333,E,07
1522235317.29,13:08:19,49.1483476667,N,9.220934,E,08
1522235318.28,13:08:20,49.1483511667,N,9.22093033333,E,09
1522235319.28,13:08:21,49.1483508333,N,9.22093,E,09
1522235320.28,13:08:22,49.1483515,N,9.22092733333,E,09
1522235321.28,13:08:23,49.1483543333,N,9.22092883333,E,08
1522235322.28,13:08:24,49.1483555,N,9.22092716667,E,09
1522235323.29,13:08:25,49.1483538333,N,9.2209215,E,09
1522235324.28,13:08:26,49.148351,N,9.2209195,E,09
1522235325.28,13:08:27,49.148348,N,9.220916,E,09
1522235326.28,13:08:28,49.1483448333,N,9.220917,E,09
1522235327.28,13:08:29,49.1483446667,N,9.220915,E,09
1522235328.28,13:08:30,49.148345,N,9.2209115,E,08
1522235329.28,13:08:31,49.148346,N,9.22090783333,E,08
1522235330.28,13:08:32,49.1483486667,N,9.220904,E,09
1522235331.28,13:08:33,49.14835,N,9.22089916667,E,09
1522235332.28,13:08:34,49.1483525,N,9.2208945,E,09
1522235333.28,13:08:35,49.1483566667,N,9.22088766667,E,09
1522235334.28,13:08:36,49.1483606667,N,9.2208825,E,09
1522235335.28,13:08:37,49.1483658333,N,9.22087066667,E,08
1522235336.28,13:08:38,49.1483723333,N,9.22086033333,E,08
1522235337.29,13:08:39,49.148386,N,9.22085483333,E,08
1522235338.28,13:08:40,49.148398,N,9.22084283333,E,08
1522235339.27,13:08:41,49.1483991667,N,9.22083433333,E,07
1522235340.28,13:08:42,49.1484098333,N,9.220826,E,08
1522235341.28,13:08:43,49.1484173333,N,9.22081483333,E,08
1522235342.27,13:08:44,49.1484231667,N,9.2207985,E,08
1522235343.28,13:08:45,49.1484313333,N,9.22078783333,E,08
1522235344.28,13:08:46,49.1484363333,N,9.22077516667,E,08
1522235345.28,13:08:47,49.148438,N,9.22075566667,E,08
1522235346.28,13:08:48,49.1484475,N,9.22073083333,E,08
1522235347.28,13:08:49,49.148454,N,9.2207145,E,08
1522235348.28,13:08:50,49.1484573333,N,9.2206985,E,08
1522235349.28,13:08:51,49.148462,N,9.22068266667,E,08
1522235350.28,13:08:52,49.1484601667,N,9.22066783333,E,08
1522235351.28,13:08:53,49.1484688333,N,9.220651,E,08
1522235352.28,13:08:54,49.1484661667,N,9.22063233333,E,08
1522235353.28,13:08:55,49.1484613333,N,9.22060433333,E,09
1522235354.28,13:08:56,49.148462,N,9.2205745,E,09
1522235355.28,13:08:57,49.1484695,N,9.2205295,E,09
1522235356.28,13:08:58,49.1484711667,N,9.2204775,E,08
1522235357.28,13:08:59,49.1484633333,N,9.22041833333,E,09
1522235358.28,13:09:00,49.1484785,N,9.220354,E,09
1522235359.28,13:09:01,49.1484841667,N,9.22027433333,E,09
1522235360.27,13:09:02,49.148496,N,9.22018833333,E,08
1522235361.28,13:09:03,49.1485118333,N,9.22010616667,E,08
1522235362.28,13:09:04,49.1485228333,N,9.22003133333,E,08
1522235363.28,13:09:05,49.1485196667,N,9.21996633333,E,08
1522235364.28,13:09:06,49.1485225,N,9.21991716667,E,08
1522235365.28,13:09:07,49.148532,N,9.219875,E,08
1522235366.28,13:09:08,49.1485321667,N,9.21983583333,E,09
1522235367.28,13:09:09,49.1485251667,N,9.2198065,E,09
1522235368.28,13:09:10,49.1485163333,N,9.21977916667,E,09
1522235369.28,13:09:11,49.1485106667,N,9.21974733333,E,09
1522235370.28,13:09:12,49.148501,N,9.21970716667,E,09
1522235371.28,13:09:13,49.1484995,N,9.21966033333,E,09
1522235372.28,13:09:14,49.1484958333,N,9.219604,E,09
1522235373.29,13:09:15,49.1484768333,N,9.2195545,E,09
1522235374.28,13:09:16,49.1484425,N,9.2195285,E,09
1522235375.28,13:09:17,49.1484071667,N,9.21949216667,E,09
1522235376.28,13:09:18,49.1483605,N,9.21946766667,E,09
1522235377.29,13:09:19,49.1483125,N,9.21944783333,E,09
1522235378.28,13:09:20,49.1482538333,N,9.21942283333,E,09
1522235379.28,13:09:21,49.1481791667,N,9.21939483333,E,08
1522235380.28,13:09:22,49.1480926667,N,9.21938,E,08
1522235381.28,13:09:23,49.1480113333,N,9.21935933333,E,08
1522235382.28,13:09:24,49.147933,N,9.21934033333,E,08
1522235383.29,13:09:25,49.1478576667,N,9.21932716667,E,09
1522235384.28,13:09:26,49.1477846667,N,9.21931483333,E,08
1522235385.28,13:09:27,49.1477098333,N,9.21928866667,E,08
1522235386.28,13:09:28,49.1476333333,N,9.21926716667,E,08
1522235387.28,13:09:29,49.1475555,N,9.21924183333,E,09
1522235388.28,13:09:30,49.1474871667,N,9.21920866667,E,07
1522235389.28,13:09:31,49.1474155,N,9.2191775,E,07
1522235390.27,13:09:32,49.1473463333,N,9.21915316667,E,07
1522235391.28,13:09:33,49.1472911667,N,9.219134,E,07
1522235392.28,13:09:34,49.1472408333,N,9.2191215,E,07
1522235393.28,13:09:35,49.1472055,N,9.219103,E,08
1522235394.28,13:09:36,49.1471741667,N,9.21909583333,E,08
1522235395.29,13:09:37,49.1471463333,N,9.21908833333,E,09
1522235396.28,13:09:38,49.1471288333,N,9.21908216667,E,09
1522235397.29,13:09:39,49.1471235,N,9.21907966667,E,09
1522235398.28,13:09:40,49.1471143333,N,9.21907516667,E,09
1522235399.28,13:09:41,49.1471076667,N,9.219072,E,08
1522235400.28,13:09:42,49.1471048333,N,9.219069,E,08
1522235401.28,13:09:43,49.1471016667,N,9.219067,E,07
1522235402.27,13:09:44,49.147098,N,9.21906516667,E,07
1522235403.27,13:09:45,49.1470925,N,9.21906033333,E,07
1522235404.27,13:09:46,49.1470881667,N,9.21905566667,E,08
1522235405.28,13:09:47,49.1470843333,N,9.21905233333,E,08
1522235406.28,13:09:48,49.1470803333,N,9.2190485,E,08
1522235407.28,13:09:49,49.1470773333,N,9.219045,E,08
1522235408.28,13:09:50,49.1470756667,N,9.21904233333,E,08
1522235409.28,13:09:51,49.1470736667,N,9.2190395,E,08
1522235410.28,13:09:52,49.147069,N,9.219035,E,09
1522235411.28,13:09:53,49.147063,N,9.21902716667,E,09
1522235412.28,13:09:54,49.1470596667,N,9.21902266667,E,09
1522235413.28,13:09:55,49.1470501667,N,9.219016,E,09
1522235414.28,13:09:56,49.147041,N,9.21901066667,E,09
1522235415.28,13:09:57,49.1470001667,N,9.21898966667,E,09
1522235416.28,13:09:58,49.1469633333,N,9.21898233333,E,09
1522235417.28,13:09:59,49.1469166667,N,9.21896666667,E,09
1522235418.28,13:10:00,49.1468711667,N,9.218946,E,09
1522235419.29,13:10:01,49.146836,N,9.21893316667,E,09
1522235420.29,13:10:02,49.1468065,N,9.218924,E,09
1522235421.28,13:10:03,49.1467821667,N,9.21890916667,E,09
1522235422.28,13:10:04,49.1467756667,N,9.21890433333,E,09
1522235423.28,13:10:05,49.1467671667,N,9.21890033333,E,09
1522235424.28,13:10:06,49.1467628333,N,9.21889633333,E,09
1522235425.28,13:10:07,49.146758,N,9.21889266667,E,09
1522235426.28,13:10:08,49.1467565,N,9.21889266667,E,09
1522235427.28,13:10:09,49.146755,N,9.21889083333,E,09
1522235428.28,13:10:10,49.1467528333,N,9.21888816667,E,08
1522235429.28,13:10:11,49.1467518333,N,9.21888583333,E,09
1522235430.28,13:10:12,49.1467503333,N,9.21888366667,E,09
1522235431.28,13:10:13,49.1467495,N,9.21888033333,E,09
1522235432.28,13:10:14,49.146748,N,9.21887716667,E,09
1522235433.28,13:10:15,49.1467475,N,9.21887533333,E,09
1522235434.28,13:10:16,49.1467473333,N,9.21887416667,E,08
1522235435.28,13:10:17,49.146747,N,9.21887283333,E,08
1522235436.28,13:10:18,49.1467481667,N,9.2188715,E,08
1522235437.28,13:10:19,49.146749,N,9.218871,E,08
1522235438.28,13:10:20,49.14675,N,9.21887116667,E,08
1522235439.28,13:10:21,49.1467518333,N,9.218872,E,07
1522235440.27,13:10:22,49.1467538333,N,9.21887266667,E,07
1522235441.28,13:10:23,49.1467551667,N,9.21887316667,E,07
1522235442.28,13:10:24,49.146756,N,9.21887433333,E,08
1522235443.28,13:10:25,49.1467568333,N,9.21887533333,E,08
1522235444.28,13:10:26,49.1467583333,N,9.21887666667,E,07
1522235445.28,13:10:27,49.14676,N,9.218878,E,07
1522235446.28,13:10:28,49.1467625,N,9.21887866667,E,08
1522235447.28,13:10:29,49.146765,N,9.21888083333,E,08
1522235448.28,13:10:30,49.1467668333,N,9.2188815,E,09
1522235449.28,13:10:31,49.1467673333,N,9.21888,E,09
1522235450.28,13:10:32,49.1467665,N,9.21887816667,E,08
1522235451.28,13:10:33,49.146765,N,9.218876,E,08
1522235452.28,13:10:34,49.1467631667,N,9.21887433333,E,08
1522235453.28,13:10:35,49.1467628333,N,9.2188715,E,08
1522235454.28,13:10:36,49.146762,N,9.21886866667,E,09
1522235455.28,13:10:37,49.1467613333,N,9.21886666667,E,09
1522235456.28,13:10:38,49.1467605,N,9.21886516667,E,09
1522235457.29,13:10:39,49.1467598333,N,9.21886366667,E,09
1522235458.28,13:10:40,49.1467586667,N,9.21886283333,E,09
1522235459.28,13:10:41,49.1467586667,N,9.21886183333,E,09
1522235460.28,13:10:42,49.1467586667,N,9.2188605,E,09
1522235461.28,13:10:43,49.146759,N,9.21885966667,E,09
1522235462.28,13:10:44,49.1467588333,N,9.21885866667,E,09
1522235463.28,13:10:45,49.1467585,N,9.21885733333,E,07
1522235464.27,13:10:46,49.1467583333,N,9.2188565,E,07
1522235465.28,13:10:47,49.1467578333,N,9.21885483333,E,08
1522235466.28,13:10:48,49.1467578333,N,9.2188535,E,08
1522235467.28,13:10:49,49.1467581667,N,9.2188515,E,08
1522235468.28,13:10:50,49.1467578333,N,9.21885066667,E,08
1522235469.28,13:10:51,49.1467575,N,9.21884983333,E,08
1522235470.28,13:10:52,49.1467573333,N,9.21884883333,E,08
1522235471.28,13:10:53,49.1467573333,N,9.21884733333,E,08
1522235472.28,13:10:54,49.1467576667,N,9.2188455,E,08
1522235473.28,13:10:55,49.1467576667,N,9.21884416667,E,08
1522235474.28,13:10:56,49.1467568333,N,9.21884133333,E,08
1522235475.28,13:10:57,49.1467558333,N,9.218839,E,08
1522235476.28,13:10:58,49.1467556667,N,9.21883716667,E,08
1522235477.28,13:10:59,49.1467553333,N,9.21883566667,E,08
1522235478.28,13:11:00,49.1467546667,N,9.21883433333,E,08
1522235479.28,13:11:01,49.1467546667,N,9.21883333333,E,08
1522235480.28,13:11:02,49.1467545,N,9.218833,E,09
1522235481.28,13:11:03,49.1467548333,N,9.21883233333,E,09
1522235482.28,13:11:04,49.146755,N,9.218832,E,08
1522235483.28,13:11:05,49.1467551667,N,9.21883233333,E,08
1522235484.28,13:11:06,49.1467555,N,9.21883333333,E,08
1522235485.28,13:11:07,49.1467561667,N,9.21883433333,E,08
1522235486.28,13:11:08,49.1467568333,N,9.21883516667,E,09
1522235487.28,13:11:09,49.146758,N,9.21883566667,E,09
1522235488.28,13:11:10,49.1467581667,N,9.21883733333,E,09
1522235489.28,13:11:11,49.1467578333,N,9.21883933333,E,09
1522235490.28,13:11:12,49.146758,N,9.21884183333,E,09
1522235491.28,13:11:13,49.1467583333,N,9.2188435,E,09
1522235492.28,13:11:14,49.1467588333,N,9.2188455,E,09
1522235493.28,13:11:15,49.146759,N,9.21884833333,E,09
1522235494.28,13:11:16,49.1467586667,N,9.21885133333,E,09
1522235495.28,13:11:17,49.1467548333,N,9.21885466667,E,09
1522235496.28,13:11:18,49.1467451667,N,9.21884833333,E,09
1522235497.29,13:11:19,49.146712,N,9.21884066667,E,09
1522235498.28,13:11:20,49.146674,N,9.21882483333,E,09
1522235499.28,13:11:21,49.146632,N,9.21880816667,E,09
1522235500.28,13:11:22,49.146586,N,9.21877516667,E,09
1522235501.28,13:11:23,49.1465375,N,9.21874583333,E,09
1522235502.28,13:11:24,49.1464931667,N,9.21871,E,09
1522235503.28,13:11:25,49.1464411667,N,9.21868566667,E,08
1522235504.28,13:11:26,49.1463836667,N,9.21866716667,E,07
1522235505.28,13:11:27,49.1463225,N,9.2186605,E,07
1522235506.28,13:11:28,49.1462576667,N,9.2186555,E,08
1522235507.28,13:11:29,49.146191,N,9.218647,E,07
1522235508.28,13:11:30,49.146116,N,9.2186275,E,07
1522235509.28,13:11:31,49.1460431667,N,9.21861716667,E,08
1522235510.28,13:11:32,49.145977,N,9.21861466667,E,08
1522235511.28,13:11:33,49.1459173333,N,9.21861333333,E,08
1522235512.28,13:11:34,49.145871,N,9.2186225,E,09
1522235513.28,13:11:35,49.1458078333,N,9.21861883333,E,07
1522235514.28,13:11:36,49.1457646667,N,9.21859866667,E,07
1522235515.28,13:11:37,49.1457198333,N,9.21857816667,E,08
1522235516.28,13:11:38,49.1456673333,N,9.21854716667,E,09
1522235517.28,13:11:39,49.1456115,N,9.21852266667,E,08
1522235518.28,13:11:40,49.1455528333,N,9.21851316667,E,08
1522235519.28,13:11:41,49.1454858333,N,9.218489,E,08
1522235520.27,13:11:42,49.1454246667,N,9.21845533333,E,08
1522235521.28,13:11:43,49.1453635,N,9.218426,E,09
1522235522.27,13:11:44,49.1452993333,N,9.21837883333,E,08
1522235523.28,13:11:45,49.1452198333,N,9.21836316667,E,08
1522235524.28,13:11:46,49.1451461667,N,9.21835866667,E,08
1522235525.28,13:11:47,49.1450711667,N,9.21832333333,E,08
1522235526.28,13:11:48,49.1450068333,N,9.21829383333,E,09
1522235527.28,13:11:49,49.1449633333,N,9.21826283333,E,08
1522235528.28,13:11:50,49.144905,N,9.21822783333,E,07
1522235529.27,13:11:51,49.1448276667,N,9.21820783333,E,07
1522235530.28,13:11:52,49.1447791667,N,9.2182045,E,09
1522235531.28,13:11:53,49.1447276667,N,9.21819633333,E,08
1522235532.28,13:11:54,49.1446743333,N,9.21819966667,E,08
1522235533.28,13:11:55,49.1446086667,N,9.21819866667,E,08
1522235534.28,13:11:56,49.1445558333,N,9.21817916667,E,08
1522235535.28,13:11:57,49.1445046667,N,9.21817516667,E,08
1522235536.28,13:11:58,49.1444651667,N,9.21818616667,E,09
1522235537.28,13:11:59,49.1444383333,N,9.21818666667,E,09
1522235538.27,13:12:00,49.144418,N,9.21819116667,E,09
1522235539.28,13:12:01,49.1443716667,N,9.21818616667,E,09
1522235540.28,13:12:02,49.144329,N,9.21816733333,E,08
1522235541.28,13:12:03,49.1442786667,N,9.2181625,E,08
1522235542.28,13:12:04,49.1442285,N,9.21815,E,08
1522235543.28,13:12:05,49.1441918333,N,9.21815183333,E,08
1522235544.28,13:12:06,49.1441586667,N,9.21813783333,E,08
1522235545.28,13:12:07,49.1441278333,N,9.2181255,E,08
1522235546.28,13:12:08,49.1440896667,N,9.21813083333,E,09
1522235547.28,13:12:09,49.144054,N,9.21811683333,E,09
1522235548.28,13:12:10,49.1440136667,N,9.21811966667,E,09
1522235549.28,13:12:11,49.1439593333,N,9.2181255,E,09
1522235550.28,13:12:12,49.1438863333,N,9.21813166667,E,08
1522235551.28,13:12:13,49.1438256667,N,9.21813716667,E,09
1522235552.28,13:12:14,49.1437338333,N,9.21812216667,E,08
1522235553.28,13:12:15,49.1436545,N,9.21812816667,E,08
1522235554.28,13:12:16,49.1435965,N,9.2181095,E,07
1522235555.28,13:12:17,49.143559,N,9.21805966667,E,07
1522235556.28,13:12:18,49.1435311667,N,9.21802616667,E,07
1522235557.29,13:12:19,49.1435135,N,9.2179925,E,08
1522235558.28,13:12:20,49.1434968333,N,9.217969,E,08
1522235559.28,13:12:21,49.1434635,N,9.2179325,E,08
1522235560.27,13:12:22,49.1434343333,N,9.21790533333,E,07
1522235561.28,13:12:23,49.1433918333,N,9.2178475,E,08
1522235562.28,13:12:24,49.143348,N,9.2178005,E,08
1522235563.28,13:12:25,49.1433126667,N,9.217767,E,06
1522235564.27,13:12:26,49.1432866667,N,9.21773583333,E,06
1522235565.27,13:12:27,49.1432511667,N,9.21770233333,E,06
1522235566.27,13:12:28,49.1432375,N,9.217669,E,06
1522235567.27,13:12:29,49.1432435,N,9.21762366667,E,06
1522235568.28,13:12:30,49.1431753333,N,9.21757183333,E,08
1522235569.28,13:12:31,49.1431606667,N,9.2175255,E,08
1522235570.28,13:12:32,49.1431218333,N,9.21753766667,E,09
1522235571.28,13:12:33,49.1430771667,N,9.21752833333,E,09
1522235572.28,13:12:34,49.1430528333,N,9.21751733333,E,09
1522235573.28,13:12:35,49.1430348333,N,9.217498,E,09
1522235574.28,13:12:36,49.1430125,N,9.21747116667,E,09
1522235575.28,13:12:37,49.1429815,N,9.21744883333,E,09
1522235576.28,13:12:38,49.1429338333,N,9.2174175,E,09
1522235577.29,13:12:39,49.1428993333,N,9.21739216667,E,09
1522235578.27,13:12:40,49.1428698333,N,9.21737,E,09
1522235579.28,13:12:41,49.1428448333,N,9.21734916667,E,09
1522235580.28,13:12:42,49.1428283333,N,9.21733283333,E,09
1522235581.28,13:12:43,49.1428108333,N,9.217311,E,09
1522235582.28,13:12:44,49.1427896667,N,9.2172865,E,09
1522235583.28,13:12:45,49.1427703333,N,9.21726533333,E,09
1522235584.28,13:12:46,49.1427555,N,9.21724583333,E,09
1522235585.28,13:12:47,49.1427403333,N,9.21723,E,09
1522235586.28,13:12:48,49.1427283333,N,9.21721716667,E,09
1522235587.28,13:12:49,49.1427185,N,9.2172045,E,09
1522235588.28,13:12:50,49.1427093333,N,9.21718533333,E,09
1522235589.28,13:12:51,49.1427068333,N,9.2171405,E,09
1522235590.28,13:12:52,49.1427026667,N,9.21708533333,E,09
1522235591.28,13:12:53,49.1426975,N,9.21702816667,E,09
1522235592.28,13:12:54,49.142684,N,9.21694666667,E,09
1522235593.28,13:12:55,49.14268,N,9.21684783333,E,09
1522235594.28,13:12:56,49.142661,N,9.21674866667,E,09
1522235595.28,13:12:57,49.1426556667,N,9.2166475,E,09
1522235596.27,13:12:58,49.1426581667,N,9.21653316667,E,09
1522235597.28,13:12:59,49.1426675,N,9.216418,E,09
1522235598.27,13:13:00,49.1426795,N,9.2162995,E,08
1522235599.28,13:13:01,49.142697,N,9.2161775,E,08
1522235600.27,13:13:02,49.1427228333,N,9.216056,E,08
1522235601.28,13:13:03,49.142752,N,9.21593733333,E,08
1522235602.28,13:13:04,49.1427646667,N,9.215823,E,08
1522235603.28,13:13:05,49.1427813333,N,9.215711,E,08
1522235604.27,13:13:06,49.1427926667,N,9.21560383333,E,08
1522235605.27,13:13:07,49.142805,N,9.21550533333,E,07
1522235606.28,13:13:08,49.142801,N,9.2154465,E,08
1522235607.28,13:13:09,49.1427978333,N,9.21541033333,E,08
1522235608.28,13:13:10,49.1428038333,N,9.21538066667,E,08
1522235609.28,13:13:11,49.1428108333,N,9.2153615,E,08
1522235610.28,13:13:12,49.1428138333,N,9.2153425,E,09
1522235611.28,13:13:13,49.1428186667,N,9.21532016667,E,09
1522235612.28,13:13:14,49.1428225,N,9.21529383333,E,09
1522235613.28,13:13:15,49.1428296667,N,9.2152615,E,09
1522235614.28,13:13:16,49.1428345,N,9.21520666667,E,09
1522235615.28,13:13:17,49.1428348333,N,9.2151565,E,09
1522235616.28,13:13:18,49.1428315,N,9.21510933333,E,09
1522235617.29,13:13:19,49.1428368333,N,9.21507733333,E,09
1522235618.28,13:13:20,49.142836,N,9.215062,E,09
1522235619.29,13:13:21,49.1428361667,N,9.21504516667,E,09
1522235620.28,13:13:22,49.1428401667,N,9.21503116667,E,09
1522235621.28,13:13:23,49.1428438333,N,9.21500666667,E,09
1522235622.28,13:13:24,49.1428481667,N,9.214964,E,09
1522235623.29,13:13:25,49.1428515,N,9.2149075,E,09
1522235624.28,13:13:26,49.1428593333,N,9.21484883333,E,09
1522235625.28,13:13:27,49.142867,N,9.21478333333,E,09
1522235626.28,13:13:28,49.1428678333,N,9.2146995,E,08
1522235627.28,13:13:29,49.1428608333,N,9.214625,E,07
1522235628.28,13:13:30,49.1428483333,N,9.214556,E,08
1522235629.27,13:13:31,49.1428475,N,9.21447883333,E,08
1522235630.28,13:13:32,49.142842,N,9.21439416667,E,08
1522235631.28,13:13:33,49.1428271667,N,9.21433016667,E,08
1522235632.28,13:13:34,49.1428163333,N,9.21428016667,E,08
1522235633.28,13:13:35,49.1428038333,N,9.2142205,E,09
1522235634.28,13:13:36,49.1427966667,N,9.21416266667,E,09
1522235635.28,13:13:37,49.1427876667,N,9.214103,E,09
1522235636.28,13:13:38,49.1427846667,N,9.21403466667,E,09
1522235637.29,13:13:39,49.1427993333,N,9.213936,E,09
1522235638.28,13:13:40,49.1427696667,N,9.21384333333,E,09
1522235639.28,13:13:41,49.142771,N,9.21376316667,E,09
1522235640.28,13:13:42,49.1427678333,N,9.21367166667,E,09
1522235641.28,13:13:43,49.1427571667,N,9.21357716667,E,09
1522235642.28,13:13:44,49.1427418333,N,9.213485,E,09
1522235643.28,13:13:45,49.1427185,N,9.21338933333,E,09
1522235644.28,13:13:46,49.1427041667,N,9.21328233333,E,09
1522235645.28,13:13:47,49.142693,N,9.213168,E,09
1522235646.28,13:13:48,49.1426863333,N,9.21304783333,E,08
1522235647.28,13:13:49,49.1426861667,N,9.212924,E,09
1522235648.27,13:13:50,49.142686,N,9.21280066667,E,07
1522235649.28,13:13:51,49.1426906667,N,9.21267933333,E,07
1522235650.28,13:13:52,49.1426948333,N,9.2125545,E,08
1522235651.28,13:13:53,49.1426965,N,9.21243416667,E,08
1522235652.28,13:13:54,49.142698,N,9.21231166667,E,07
1522235653.28,13:13:55,49.1427055,N,9.2121895,E,07
1522235654.28,13:13:56,49.1427095,N,9.21205866667,E,09
1522235655.28,13:13:57,49.1427106667,N,9.21193116667,E,07
1522235656.28,13:13:58,49.1427131667,N,9.21179633333,E,07
1522235657.28,13:13:59,49.142714,N,9.21165783333,E,07
1522235658.27,13:14:00,49.1427185,N,9.21151566667,E,08
1522235659.28,13:14:01,49.142723,N,9.21137116667,E,07
1522235660.27,13:14:02,49.1427303333,N,9.211223,E,07
1522235661.27,13:14:03,49.1427368333,N,9.2110775,E,07
1522235662.27,13:14:04,49.1427416667,N,9.21093233333,E,07
1522235663.28,13:14:05,49.14275,N,9.21078733333,E,08
1522235664.27,13:14:06,49.1427568333,N,9.21064366667,E,07
1522235665.27,13:14:07,49.1427666667,N,9.21049933333,E,06
1522235666.27,13:14:08,49.1427763333,N,9.21035866667,E,06
1522235667.27,13:14:09,49.1427825,N,9.21022166667,E,06
1522235668.27,13:14:10,49.1427871667,N,9.21009016667,E,06
1522235669.27,13:14:11,49.1427828333,N,9.2099615,E,07
1522235670.27,13:14:12,49.142785,N,9.209842,E,06
1522235671.28,13:14:13,49.1427831667,N,9.2097215,E,06
1522235672.28,13:14:14,49.1427491667,N,9.20957866667,E,08
1522235673.28,13:14:15,49.1426928333,N,9.209414,E,08
1522235674.28,13:14:16,49.142638,N,9.20925133333,E,09
1522235675.29,13:14:17,49.1425778333,N,9.2091075,E,09
1522235676.28,13:14:18,49.1425338333,N,9.2090015,E,08
1522235677.28,13:14:19,49.1424991667,N,9.20893433333,E,08
1522235678.28,13:14:20,49.1424798333,N,9.20888783333,E,09
1522235679.28,13:14:21,49.1424665,N,9.20886783333,E,09
1522235680.27,13:14:22,49.1424615,N,9.20885066667,E,08
1522235681.28,13:14:23,49.1424455,N,9.20884716667,E,09
1522235682.28,13:14:24,49.1424336667,N,9.20884166667,E,09
1522235683.28,13:14:25,49.1424248333,N,9.20883866667,E,09
1522235684.28,13:14:26,49.1424176667,N,9.2088355,E,09
1522235685.28,13:14:27,49.142414,N,9.20883133333,E,09
1522235686.28,13:14:28,49.1424126667,N,9.208822,E,09
1522235687.28,13:14:29,49.142412,N,9.208812,E,09
1522235688.28,13:14:30,49.1424131667,N,9.20880266667,E,09
1522235689.28,13:14:31,49.142416,N,9.2087945,E,09
1522235690.28,13:14:32,49.1424148333,N,9.20879083333,E,09
1522235691.28,13:14:33,49.142413,N,9.208788,E,09
1522235692.28,13:14:34,49.142412,N,9.20878833333,E,09
1522235693.28,13:14:35,49.142411,N,9.20878633333,E,09
1522235694.28,13:14:36,49.1424098333,N,9.20878483333,E,09
1522235695.28,13:14:37,49.1424081667,N,9.20878266667,E,09
1522235696.28,13:14:38,49.1424088333,N,9.20877683333,E,09
1522235697.29,13:14:39,49.1424096667,N,9.20876983333,E,09
1522235698.27,13:14:40,49.1424106667,N,9.20876533333,E,09
1522235699.28,13:14:41,49.1424108333,N,9.20876116667,E,09
1522235700.28,13:14:42,49.1424118333,N,9.20875733333,E,09
1522235701.28,13:14:43,49.1424138333,N,9.208754,E,09
1522235702.28,13:14:44,49.142416,N,9.20875066667,E,09
1522235703.28,13:14:45,49.1424173333,N,9.20874866667,E,09
1522235704.28,13:14:46,49.1424175,N,9.20874733333,E,09
1522235705.28,13:14:47,49.1424185,N,9.20874566667,E,09
1522235706.28,13:14:48,49.1424185,N,9.20874466667,E,09
1522235707.28,13:14:49,49.142419,N,9.208744,E,09
1522235708.27,13:14:50,49.1424195,N,9.2087435,E,09
1522235709.27,13:14:51,49.1424198333,N,9.20874333333,E,09
1522235710.28,13:14:52,49.1424196667,N,9.20874333333,E,09
1522235711.28,13:14:53,49.1424193333,N,9.208744,E,09
1522235712.28,13:14:54,49.1424191667,N,9.20874416667,E,09
1522235713.28,13:14:55,49.1424175,N,9.2087465,E,09
1522235714.28,13:14:56,49.1424183333,N,9.20874633333,E,09
1522235715.28,13:14:57,49.1424185,N,9.20874783333,E,09
1522235716.27,13:14:58,49.14242,N,9.20874583333,E,09
1522235717.28,13:14:59,49.1424201667,N,9.208746,E,09
1522235718.28,13:15:00,49.1424203333,N,9.208745,E,09
1522235719.28,13:15:01,49.1424206667,N,9.20874433333,E,09
1522235720.28,13:15:02,49.1424213333,N,9.20874283333,E,09
1522235721.28,13:15:03,49.142421,N,9.20874316667,E,09
1522235722.28,13:15:04,49.1424205,N,9.2087425,E,09
1522235723.28,13:15:05,49.1424203333,N,9.20874116667,E,09
1522235724.28,13:15:06,49.142421,N,9.20874033333,E,09
1522235725.28,13:15:07,49.1424198333,N,9.208739,E,09
1522235726.27,13:15:08,49.142419,N,9.20873683333,E,09
1522235727.27,13:15:09,49.1424185,N,9.20873483333,E,09
1522235728.28,13:15:10,49.1424171667,N,9.2087355,E,09
1522235729.28,13:15:11,49.1424165,N,9.20873316667,E,09
1522235730.28,13:15:12,49.1424161667,N,9.20873,E,09
1522235731.28,13:15:13,49.1424146667,N,9.20872816667,E,09
1522235732.28,13:15:14,49.1424126667,N,9.20872633333,E,09
1522235733.28,13:15:15,49.1424108333,N,9.208724,E,09
1522235734.27,13:15:16,49.1424075,N,9.20871833333,E,09
1522235735.28,13:15:17,49.1423951667,N,9.208693,E,09
1522235736.28,13:15:18,49.1423758333,N,9.2086555,E,09
1522235737.28,13:15:19,49.1423556667,N,9.2086075,E,09
1522235738.27,13:15:20,49.142346,N,9.2085575,E,08
1522235739.28,13:15:21,49.142338,N,9.20849616667,E,09
1522235740.28,13:15:22,49.1423296667,N,9.20844383333,E,09
1522235741.28,13:15:23,49.1423396667,N,9.20838783333,E,09
1522235742.28,13:15:24,49.1423466667,N,9.20832983333,E,09
1522235743.28,13:15:25,49.1423563333,N,9.20826766667,E,09
1522235744.28,13:15:26,49.142368,N,9.20819683333,E,09
1522235745.28,13:15:27,49.1423788333,N,9.20812016667,E,09
1522235746.28,13:15:28,49.1423841667,N,9.208043,E,08
1522235747.28,13:15:29,49.1423711667,N,9.20796016667,E,08
1522235748.28,13:15:30,49.1423648333,N,9.20788433333,E,08
1522235749.28,13:15:31,49.1423641667,N,9.20780433333,E,09
1522235750.27,13:15:32,49.1423506667,N,9.20770783333,E,09
1522235751.28,13:15:33,49.1423431667,N,9.207613,E,08
1522235752.28,13:15:34,49.1423181667,N,9.20752966667,E,08
1522235753.28,13:15:35,49.1423083333,N,9.20743933333,E,08
1522235754.28,13:15:36,49.1422911667,N,9.20735116667,E,08
1522235755.28,13:15:37,49.142291,N,9.20727133333,E,09
1522235756.27,13:15:38,49.1422806667,N,9.20719683333,E,09
1522235757.29,13:15:39,49.1422478333,N,9.2071515,E,09
1522235758.28,13:15:40,49.1422235,N,9.20711783333,E,09
1522235759.28,13:15:41,49.142201,N,9.20713816667,E,09
1522235760.28,13:15:42,49.1421853333,N,9.2071405,E,09
1522235761.28,13:15:43,49.1421621667,N,9.20713833333,E,09
1522235762.28,13:15:44,49.1421415,N,9.2071335,E,09
1522235763.28,13:15:45,49.1421393333,N,9.20713283333,E,09
1522235764.27,13:15:46,49.1421265,N,9.20712216667,E,09
1522235765.28,13:15:47,49.1421126667,N,9.20711616667,E,09
1522235766.27,13:15:48,49.1421115,N,9.2071145,E,09
1522235767.28,13:15:49,49.1421076667,N,9.20711066667,E,09
1522235768.28,13:15:50,49.1421028333,N,9.20710483333,E,09
1522235769.28,13:15:51,49.1420918333,N,9.2070945,E,09
1522235770.27,13:15:52,49.1420908333,N,9.2070905,E,08
1522235771.28,13:15:53,49.1420895,N,9.2070855,E,08
1522235772.28,13:15:54,49.1420845,N,9.20707733333,E,08
1522235773.28,13:15:55,49.142077,N,9.20707033333,E,08
1522235774.27,13:15:56,49.1420696667,N,9.20706433333,E,08
1522235775.28,13:15:57,49.1420648333,N,9.207061,E,08
1522235776.27,13:15:58,49.1420636667,N,9.20705933333,E,08
1522235777.28,13:15:59,49.1420606667,N,9.20705733333,E,08
1522235778.27,13:16:00,49.1420571667,N,9.2070555,E,08
1522235779.28,13:16:01,49.1420561667,N,9.2070515,E,08
1522235780.28,13:16:02,49.1420521667,N,9.207048,E,09
1522235781.28,13:16:03,49.1420478333,N,9.20704183333,E,09
1522235782.28,13:16:04,49.1420436667,N,9.2070365,E,09
1522235783.28,13:16:05,49.1420383333,N,9.20703466667,E,09
1522235784.28,13:16:06,49.142037,N,9.20703266667,E,09
1522235785.28,13:16:07,49.1420366667,N,9.20702983333,E,09
1522235786.28,13:16:08,49.1420353333,N,9.20703016667,E,09
1522235787.28,13:16:09,49.1420333333,N,9.20702733333,E,09
1522235788.28,13:16:10,49.1420301667,N,9.2070265,E,09
1522235789.28,13:16:11,49.1420266667,N,9.20702533333,E,09
1522235790.28,13:16:12,49.1420241667,N,9.20702366667,E,09
1522235791.28,13:16:13,49.1420221667,N,9.20702183333,E,09
1522235792.28,13:16:14,49.1420201667,N,9.2070215,E,09
1522235793.28,13:16:15,49.1420183333,N,9.20702016667,E,09
1522235794.28,13:16:16,49.142016,N,9.207018,E,09
1522235795.28,13:16:17,49.142014,N,9.2070175,E,09
1522235796.28,13:16:18,49.1420133333,N,9.20701566667,E,09
1522235797.28,13:16:19,49.1420125,N,9.2070145,E,09
1522235798.28,13:16:20,49.1420116667,N,9.20701183333,E,09
1522235799.28,13:16:21,49.1420123333,N,9.2070075,E,09
1522235800.28,13:16:22,49.1420141667,N,9.20699916667,E,09
1522235801.28,13:16:23,49.1420208333,N,9.20699383333,E,09
1522235802.28,13:16:24,49.1420265,N,9.20698883333,E,09
1522235803.28,13:16:25,49.1420313333,N,9.2069805,E,09
1522235804.28,13:16:26,49.142034,N,9.20696433333,E,09
1522235805.28,13:16:27,49.1420376667,N,9.20694916667,E,09
1522235806.28,13:16:28,49.1420343333,N,9.2069365,E,09
1522235807.28,13:16:29,49.1420313333,N,9.20693133333,E,09
1522235808.28,13:16:30,49.1420326667,N,9.20693866667,E,09
1522235809.28,13:16:31,49.14204,N,9.206961,E,09
1522235810.28,13:16:32,49.1420508333,N,9.206989,E,09
1522235811.28,13:16:33,49.1420765,N,9.20702833333,E,09
1522235812.28,13:16:34,49.1421,N,9.2070675,E,09
1522235813.28,13:16:35,49.1421268333,N,9.20711666667,E,09
1522235814.28,13:16:36,49.142154,N,9.20718033333,E,09
1522235815.28,13:16:37,49.1421816667,N,9.20725133333,E,08
1522235816.27,13:16:38,49.1422045,N,9.20732383333,E,08
1522235817.28,13:16:39,49.1422261667,N,9.20739533333,E,08
1522235818.27,13:16:40,49.1422503333,N,9.207459,E,07
1522235819.28,13:16:41,49.142273,N,9.207516,E,07
1522235820.27,13:16:42,49.1422945,N,9.20757716667,E,07
1522235821.28,13:16:43,49.1423118333,N,9.20763716667,E,07
1522235822.28,13:16:44,49.1423235,N,9.20769133333,E,07
1522235823.28,13:16:45,49.1423308333,N,9.20773616667,E,07
1522235824.28,13:16:46,49.1423386667,N,9.20776766667,E,08
1522235825.28,13:16:47,49.1423376667,N,9.20780216667,E,08
1522235826.28,13:16:48,49.1423411667,N,9.2078285,E,09
1522235827.28,13:16:49,49.1423413333,N,9.2078385,E,09
1522235828.28,13:16:50,49.1423428333,N,9.2078485,E,09
1522235829.28,13:16:51,49.1423435,N,9.207857,E,09
1522235830.28,13:16:52,49.1423433333,N,9.2078665,E,09
1522235831.28,13:16:53,49.142344,N,9.20787433333,E,09
1522235832.28,13:16:54,49.1423455,N,9.2078785,E,09
1522235833.28,13:16:55,49.1423453333,N,9.2078805,E,09
1522235834.28,13:16:56,49.1423463333,N,9.2078835,E,09
1522235835.28,13:16:57,49.1423495,N,9.20788533333,E,09
1522235836.28,13:16:58,49.1423578333,N,9.20788983333,E,09
1522235837.28,13:16:59,49.1423571667,N,9.20789216667,E,09
1522235838.28,13:17:00,49.1423581667,N,9.20789383333,E,09
1522235839.28,13:17:01,49.1423593333,N,9.207898,E,09
1522235840.28,13:17:02,49.1423588333,N,9.20789916667,E,09
1522235841.28,13:17:03,49.1423575,N,9.20790083333,E,09
1522235842.28,13:17:04,49.1423578333,N,9.20790333333,E,09
1522235843.28,13:17:05,49.1423583333,N,9.207904,E,09
1522235844.28,13:17:06,49.1423575,N,9.20790533333,E,09
1522235845.28,13:17:07,49.142357,N,9.207906,E,09
1522235846.28,13:17:08,49.142357,N,9.20790783333,E,09
1522235847.28,13:17:09,49.1423561667,N,9.20790933333,E,09
1522235848.27,13:17:10,49.1423548333,N,9.20790966667,E,08
1522235849.28,13:17:11,49.1423541667,N,9.2079095,E,08
1522235850.28,13:17:12,49.1423548333,N,9.20790966667,E,08
1522235851.28,13:17:13,49.1423553333,N,9.20790983333,E,08
1522235852.28,13:17:14,49.142356,N,9.20791166667,E,08
1522235853.28,13:17:15,49.142357,N,9.20791283333,E,09
1522235854.28,13:17:16,49.1423593333,N,9.20791433333,E,09
1522235855.28,13:17:17,49.142362,N,9.20791566667,E,09
1522235856.28,13:17:18,49.1423646667,N,9.20791733333,E,09
1522235857.28,13:17:19,49.1423638333,N,9.207918,E,09
1522235858.28,13:17:20,49.1423641667,N,9.20791866667,E,09
1522235859.28,13:17:21,49.1423675,N,9.20792133333,E,09
1522235860.28,13:17:22,49.1423696667,N,9.20792266667,E,09
1522235861.28,13:17:23,49.1423706667,N,9.20792333333,E,09
1522235862.28,13:17:24,49.142372,N,9.20792416667,E,09
1522235863.28,13:17:25,49.1423726667,N,9.20792616667,E,09
1522235864.28,13:17:26,49.1423733333,N,9.2079275,E,09
1522235865.28,13:17:27,49.1423738333,N,9.207929,E,09
1522235866.28,13:17:28,49.1423748333,N,9.20793066667,E,09
1522235867.28,13:17:29,49.1423766667,N,9.207933,E,09
1522235868.28,13:17:30,49.1423788333,N,9.20793516667,E,09
1522235869.28,13:17:31,49.1423808333,N,9.20793766667,E,09
1522235870.28,13:17:32,49.1423828333,N,9.2079405,E,09
1522235871.28,13:17:33,49.1423813333,N,9.20794083333,E,09
1522235872.28,13:17:34,49.142381,N,9.2079405,E,09
1522235873.28,13:17:35,49.1423818333,N,9.20794116667,E,09
1522235874.28,13:17:36,49.1423828333,N,9.20794183333,E,09
1522235875.28,13:17:37,49.142384,N,9.207942,E,09
1522235876.28,13:17:38,49.1423855,N,9.207943,E,09
1522235877.29,13:17:39,49.1423871667,N,9.20794333333,E,09
1522235878.28,13:17:40,49.1423886667,N,9.2079435,E,09
1522235879.28,13:17:41,49.1423875,N,9.20794616667,E,09
1522235880.28,13:17:42,49.1423883333,N,9.20794683333,E,09
1522235881.28,13:17:43,49.1423823333,N,9.20795516667,E,09
1522235882.28,13:17:44,49.1423695,N,9.2079715,E,09
1522235883.28,13:17:45,49.1423561667,N,9.207996,E,09
1522235884.28,13:17:46,49.1423308333,N,9.20803383333,E,09
1522235885.28,13:17:47,49.1423001667,N,9.20806116667,E,09
1522235886.28,13:17:48,49.14226,N,9.208085,E,09
1522235887.28,13:17:49,49.1422266667,N,9.20809316667,E,09
1522235888.28,13:17:50,49.1421706667,N,9.20809333333,E,09
1522235889.28,13:17:51,49.1421105,N,9.208095,E,09
1522235890.28,13:17:52,49.1420523333,N,9.20809933333,E,09
1522235891.28,13:17:53,49.141993,N,9.2081095,E,09
1522235892.28,13:17:54,49.1419158333,N,9.20812966667,E,09
1522235893.28,13:17:55,49.141844,N,9.2081425,E,08
1522235894.27,13:17:56,49.1417735,N,9.2081545,E,08
1522235895.28,13:17:57,49.1416988333,N,9.20815416667,E,08
1522235896.28,13:17:58,49.1416321667,N,9.20817,E,08
1522235897.28,13:17:59,49.1415738333,N,9.20818783333,E,08
1522235898.28,13:18:00,49.1415303333,N,9.2082035,E,09
1522235899.28,13:18:01,49.1415001667,N,9.20822216667,E,09
1522235900.28,13:18:02,49.141479,N,9.20823866667,E,09
1522235901.28,13:18:03,49.1414618333,N,9.20824466667,E,09
1522235902.28,13:18:04,49.1414601667,N,9.20824633333,E,09
1522235903.28,13:18:05,49.1414531667,N,9.20824833333,E,09
1522235904.28,13:18:06,49.1414506667,N,9.20825266667,E,09
1522235905.28,13:18:07,49.1414411667,N,9.2082525,E,09
1522235906.28,13:18:08,49.141416,N,9.2082525,E,09
1522235907.28,13:18:09,49.1413631667,N,9.20826116667,E,09
1522235908.28,13:18:10,49.1412756667,N,9.2082305,E,09
1522235909.28,13:18:11,49.141195,N,9.20821783333,E,09
1522235910.28,13:18:12,49.1411345,N,9.20820083333,E,08
1522235911.28,13:18:13,49.1410886667,N,9.2081885,E,08
1522235912.27,13:18:14,49.1410398333,N,9.2081725,E,07
1522235913.28,13:18:15,49.140957,N,9.2081655,E,08
1522235914.28,13:18:16,49.1408596667,N,9.20815083333,E,08
1522235915.28,13:18:17,49.1407586667,N,9.20814016667,E,07
1522235916.27,13:18:18,49.140663,N,9.2081315,E,07
1522235917.28,13:18:19,49.1405608333,N,9.2081305,E,08
1522235918.28,13:18:20,49.140453,N,9.20813216667,E,08
1522235919.28,13:18:21,49.1403403333,N,9.20812933333,E,09
1522235920.27,13:18:22,49.140238,N,9.20813033333,E,09
1522235921.28,13:18:23,49.1401298333,N,9.2081205,E,07
1522235922.28,13:18:24,49.1400316667,N,9.2081245,E,08
1522235923.28,13:18:25,49.1399316667,N,9.20812683333,E,08
1522235924.28,13:18:26,49.1398375,N,9.20813183333,E,09
1522235925.28,13:18:27,49.1397458333,N,9.20813116667,E,08
1522235926.28,13:18:28,49.1396586667,N,9.20814133333,E,09
1522235927.28,13:18:29,49.1395766667,N,9.20814283333,E,08
1522235928.28,13:18:30,49.1395058333,N,9.20814433333,E,09
1522235929.28,13:18:31,49.1394506667,N,9.20814883333,E,09
1522235930.28,13:18:32,49.139409,N,9.2081525,E,09
1522235931.28,13:18:33,49.1393753333,N,9.20814816667,E,09
1522235932.28,13:18:34,49.1393526667,N,9.20814366667,E,09
1522235933.28,13:18:35,49.1393381667,N,9.2081395,E,09
1522235934.27,13:18:36,49.1393295,N,9.20813433333,E,09
1522235935.28,13:18:37,49.1393226667,N,9.20812933333,E,09
1522235936.28,13:18:38,49.1393183333,N,9.20812716667,E,09
1522235937.29,13:18:39,49.139316,N,9.2081285,E,08
1522235938.28,13:18:40,49.1393138333,N,9.20812933333,E,08
1522235939.28,13:18:41,49.1393106667,N,9.20813233333,E,08
1522235940.27,13:18:42,49.1393075,N,9.20813283333,E,08
1522235941.28,13:18:43,49.1393046667,N,9.20813383333,E,08
1522235942.28,13:18:44,49.1393041667,N,9.20813716667,E,08
1522235943.28,13:18:45,49.1393028333,N,9.20813883333,E,08
1522235944.28,13:18:46,49.1393016667,N,9.20814033333,E,08
1522235945.28,13:18:47,49.1393011667,N,9.20814083333,E,08
1522235946.28,13:18:48,49.1393001667,N,9.20814116667,E,08
1522235947.28,13:18:49,49.1392996667,N,9.20814216667,E,08
1522235948.28,13:18:50,49.139299,N,9.2081425,E,08
1522235949.28,13:18:51,49.1392981667,N,9.20814216667,E,08
1522235950.28,13:18:52,49.139293,N,9.208144,E,08
1522235951.28,13:18:53,49.1392796667,N,9.2081485,E,08
1522235952.27,13:18:54,49.1392566667,N,9.20815716667,E,09
1522235953.28,13:18:55,49.1392265,N,9.20816183333,E,09
1522235954.28,13:18:56,49.1391791667,N,9.20815816667,E,09
1522235955.28,13:18:57,49.139114,N,9.20814566667,E,09
1522235956.28,13:18:58,49.139039,N,9.20813033333,E,09
1522235957.28,13:18:59,49.1389756667,N,9.20812416667,E,09
1522235958.28,13:19:00,49.138935,N,9.208132,E,09
1522235959.28,13:19:01,49.1388836667,N,9.20815033333,E,09
1522235960.28,13:19:02,49.1388325,N,9.20817766667,E,09
1522235961.28,13:19:03,49.1387848333,N,9.208213,E,09
1522235962.28,13:19:04,49.1387455,N,9.20827133333,E,09
1522235963.28,13:19:05,49.138706,N,9.20834466667,E,09
1522235964.28,13:19:06,49.1386713333,N,9.20842283333,E,09
1522235965.28,13:19:07,49.1386385,N,9.208503,E,09
1522235966.28,13:19:08,49.1386135,N,9.20858066667,E,09
1522235967.28,13:19:09,49.1385938333,N,9.208646,E,09
1522235968.28,13:19:10,49.1385783333,N,9.2086945,E,09
1522235969.28,13:19:11,49.1385666667,N,9.20872566667,E,09
1522235970.28,13:19:12,49.138564,N,9.20874566667,E,09
1522235971.28,13:19:13,49.1385603333,N,9.20874783333,E,09
1522235972.28,13:19:14,49.1385606667,N,9.208749,E,09
1522235973.28,13:19:15,49.1385586667,N,9.2087515,E,09
1522235974.27,13:19:16,49.1385583333,N,9.2087525,E,09
1522235975.28,13:19:17,49.1385586667,N,9.2087535,E,09
1522235976.28,13:19:18,49.1385608333,N,9.20875483333,E,09
1522235977.28,13:19:19,49.1385601667,N,9.20875516667,E,09
1522235978.28,13:19:20,49.1385588333,N,9.20876716667,E,09
1522235979.28,13:19:21,49.1385491667,N,9.2087995,E,09
1522235980.28,13:19:22,49.138526,N,9.20885783333,E,09
1522235981.28,13:19:23,49.1385053333,N,9.2089235,E,09
1522235982.28,13:19:24,49.1384795,N,9.20899933333,E,09
1522235983.29,13:19:25,49.1384371667,N,9.2090885,E,09
1522235984.28,13:19:26,49.1383933333,N,9.20918683333,E,09
1522235985.28,13:19:27,49.138343,N,9.2092885,E,09
1522235986.28,13:19:28,49.1382918333,N,9.2094005,E,09
1522235987.28,13:19:29,49.1382373333,N,9.20952233333,E,09
1522235988.28,13:19:30,49.13818,N,9.20965333333,E,09
1522235989.28,13:19:31,49.1381168333,N,9.20978233333,E,09
1522235990.28,13:19:32,49.1380566667,N,9.20992333333,E,09
1522235991.28,13:19:33,49.1379976667,N,9.2100575,E,09
1522235992.28,13:19:34,49.1379403333,N,9.21019116667,E,09
1522235993.28,13:19:35,49.1378873333,N,9.210313,E,09
1522235994.28,13:19:36,49.1378343333,N,9.21043066667,E,09
1522235995.28,13:19:37,49.1377795,N,9.210549,E,09
1522235996.28,13:19:38,49.1377273333,N,9.2106735,E,09
1522235997.28,13:19:39,49.137669,N,9.21079766667,E,09
1522235998.28,13:19:40,49.137599,N,9.21090866667,E,09
1522235999.28,13:19:41,49.1375391667,N,9.21103433333,E,09
1522236000.28,13:19:42,49.1374703333,N,9.21115633333,E,09
1522236001.28,13:19:43,49.137394,N,9.2112735,E,09
1522236002.28,13:19:44,49.1373213333,N,9.21139316667,E,09
1522236003.28,13:19:45,49.1372598333,N,9.2115235,E,09
1522236004.28,13:19:46,49.137198,N,9.21165516667,E,09
1522236005.28,13:19:47,49.1371365,N,9.21178883333,E,09
1522236006.28,13:19:48,49.1370696667,N,9.21191883333,E,09
1522236007.28,13:19:49,49.1370066667,N,9.21205166667,E,09
1522236008.28,13:19:50,49.1369413333,N,9.212183,E,09
1522236009.28,13:19:51,49.1368763333,N,9.2123125,E,09
1522236010.28,13:19:52,49.136812,N,9.21243783333,E,09
1522236011.28,13:19:53,49.1367506667,N,9.21256366667,E,09
1522236012.28,13:19:54,49.1366913333,N,9.21268333333,E,09
1522236013.28,13:19:55,49.1366365,N,9.2128005,E,09
1522236014.27,13:19:56,49.1365926667,N,9.21291533333,E,08
1522236015.28,13:19:57,49.1365436667,N,9.213028,E,08
1522236016.27,13:19:58,49.1364866667,N,9.21312733333,E,07
1522236017.28,13:19:59,49.1364293333,N,9.21323633333,E,07
1522236018.27,13:20:00,49.1363773333,N,9.21335166667,E,07
1522236019.28,13:20:01,49.1363291667,N,9.21347016667,E,07
1522236020.28,13:20:02,49.1362796667,N,9.21358366667,E,07
1522236021.27,13:20:03,49.1362328333,N,9.21369333333,E,07
1522236022.28,13:20:04,49.1361873333,N,9.21380483333,E,08
1522236023.28,13:20:05,49.1361455,N,9.21390566667,E,07
1522236024.27,13:20:06,49.1361016667,N,9.213999,E,06
1522236025.28,13:20:07,49.1360633333,N,9.214077,E,07
1522236026.28,13:20:08,49.1360286667,N,9.2141365,E,09
1522236027.28,13:20:09,49.1359953333,N,9.214179,E,09
1522236028.28,13:20:10,49.1359485,N,9.21419683333,E,09
1522236029.28,13:20:11,49.1358983333,N,9.21419683333,E,09
1522236030.28,13:20:12,49.1358355,N,9.21417366667,E,09
1522236031.28,13:20:13,49.1357698333,N,9.214149,E,09
1522236032.28,13:20:14,49.135701,N,9.214134,E,09
1522236033.28,13:20:15,49.1356365,N,9.21412066667,E,09
1522236034.27,13:20:16,49.1355765,N,9.214107,E,07
1522236035.28,13:20:17,49.1355248333,N,9.2140915,E,06
1522236036.28,13:20:18,49.1354763333,N,9.21407016667,E,07
1522236037.28,13:20:19,49.1354393333,N,9.21407783333,E,08
1522236038.28,13:20:20,49.1354168333,N,9.214071,E,08
1522236039.28,13:20:21,49.1354033333,N,9.21406966667,E,08
1522236040.28,13:20:22,49.135409,N,9.2140595,E,09
1522236041.28,13:20:23,49.1354128333,N,9.21404683333,E,09
1522236042.28,13:20:24,49.1354131667,N,9.21403966667,E,09
1522236043.28,13:20:25,49.1354166667,N,9.21403183333,E,09
1522236044.28,13:20:26,49.1354185,N,9.21402683333,E,09
1522236045.29,13:20:27,49.1354196667,N,9.214024,E,09
1522236046.28,13:20:28,49.1354193333,N,9.21402,E,09
1522236047.28,13:20:29,49.1354188333,N,9.21401766667,E,09
1522236048.28,13:20:30,49.1354181667,N,9.21401533333,E,09
1522236049.28,13:20:31,49.1354116667,N,9.21401416667,E,09
1522236050.28,13:20:32,49.1353976667,N,9.21402033333,E,09
1522236051.28,13:20:33,49.1353718333,N,9.21402983333,E,09
1522236052.28,13:20:34,49.1353351667,N,9.21402666667,E,09
1522236053.28,13:20:35,49.1352968333,N,9.21402866667,E,09
1522236054.28,13:20:36,49.1352551667,N,9.21402533333,E,09
1522236055.28,13:20:37,49.135188,N,9.213988,E,09
1522236056.28,13:20:38,49.1351165,N,9.21394666667,E,09
1522236057.29,13:20:39,49.1350405,N,9.21391183333,E,09
1522236058.28,13:20:40,49.1349606667,N,9.21386966667,E,09
1522236059.28,13:20:41,49.13487,N,9.213825,E,08
1522236060.28,13:20:42,49.1347758333,N,9.21377783333,E,08
1522236061.28,13:20:43,49.1346805,N,9.2137335,E,08
1522236062.28,13:20:44,49.1345833333,N,9.213689,E,08
1522236063.28,13:20:45,49.1344941667,N,9.213635,E,09
1522236064.28,13:20:46,49.134397,N,9.213584,E,08
1522236065.28,13:20:47,49.1343053333,N,9.21352516667,E,08
1522236066.28,13:20:48,49.1342083333,N,9.21346866667,E,09
1522236067.28,13:20:49,49.1341033333,N,9.21340183333,E,09
1522236068.28,13:20:50,49.1339915,N,9.21333233333,E,09
1522236069.28,13:20:51,49.1338815,N,9.2132625,E,08
1522236070.28,13:20:52,49.1337721667,N,9.21319616667,E,08
1522236071.28,13:20:53,49.1336458333,N,9.21311833333,E,08
1522236072.28,13:20:54,49.1335231667,N,9.2130485,E,09
1522236073.28,13:20:55,49.1334098333,N,9.21299366667,E,09
1522236074.28,13:20:56,49.1332865,N,9.21293483333,E,09
1522236075.28,13:20:57,49.133167,N,9.21287966667,E,09
1522236076.28,13:20:58,49.1330401667,N,9.21281966667,E,09
1522236077.28,13:20:59,49.1329136667,N,9.21276233333,E,09
1522236078.28,13:21:00,49.1327898333,N,9.2127035,E,09
1522236079.28,13:21:01,49.1326641667,N,9.21264066667,E,08
1522236080.27,13:21:02,49.1325348333,N,9.21258566667,E,08
1522236081.28,13:21:03,49.1324121667,N,9.21251016667,E,09
1522236082.28,13:21:04,49.1322803333,N,9.21245783333,E,09
1522236083.28,13:21:05,49.1321531667,N,9.2124015,E,09
1522236084.28,13:21:06,49.1320336667,N,9.21234433333,E,09
1522236085.28,13:21:07,49.1319075,N,9.21228866667,E,09
1522236086.28,13:21:08,49.1317876667,N,9.2122355,E,09
1522236087.28,13:21:09,49.131667,N,9.21218366667,E,09
1522236088.28,13:21:10,49.1315468333,N,9.21213633333,E,09
1522236089.28,13:21:11,49.1314268333,N,9.21209133333,E,09
1522236090.28,13:21:12,49.1313051667,N,9.21204616667,E,09
1522236091.29,13:21:13,49.1311836667,N,9.21200016667,E,09
1522236092.28,13:21:14,49.1310615,N,9.21195233333,E,09
1522236093.28,13:21:15,49.1309368333,N,9.21190583333,E,09
1522236094.28,13:21:16,49.1308135,N,9.21185433333,E,09
1522236095.28,13:21:17,49.130692,N,9.21180083333,E,09
1522236096.28,13:21:18,49.1305705,N,9.2117485,E,09
1522236097.28,13:21:19,49.1304506667,N,9.21169266667,E,09
1522236098.28,13:21:20,49.1303285,N,9.21163833333,E,09
1522236099.28,13:21:21,49.1302086667,N,9.211586,E,09
1522236100.28,13:21:22,49.1300933333,N,9.21153366667,E,09
1522236101.28,13:21:23,49.1299803333,N,9.21148133333,E,09
1522236102.28,13:21:24,49.1298691667,N,9.211431,E,09
1522236103.29,13:21:25,49.1297585,N,9.21138383333,E,09
1522236104.28,13:21:26,49.1296566667,N,9.21134016667,E,09
1522236105.28,13:21:27,49.1295611667,N,9.2112925,E,09
1522236106.27,13:21:28,49.1294821667,N,9.21124716667,E,07
1522236107.28,13:21:29,49.1294558333,N,9.21125633333,E,07
1522236108.28,13:21:30,49.1294251667,N,9.211255,E,07
1522236109.28,13:21:31,49.1294106667,N,9.21124866667,E,07
1522236110.28,13:21:32,49.1294095,N,9.211255,E,08
1522236111.28,13:21:33,49.1294058333,N,9.21125283333,E,08
1522236112.27,13:21:34,49.129404,N,9.2112545,E,08
1522236113.28,13:21:35,49.1294023333,N,9.21125483333,E,08
1522236114.28,13:21:36,49.1293996667,N,9.21125366667,E,09
1522236115.28,13:21:37,49.1293993333,N,9.21125716667,E,09
1522236116.28,13:21:38,49.1293985,N,9.2112605,E,09
1522236117.29,13:21:39,49.1293976667,N,9.2112645,E,09
1522236118.28,13:21:40,49.1293971667,N,9.211268,E,09
1522236119.28,13:21:41,49.1293965,N,9.2112715,E,09
1522236120.28,13:21:42,49.1293961667,N,9.2112755,E,09
1522236121.28,13:21:43,49.1293958333,N,9.21127833333,E,09
1522236122.28,13:21:44,49.129395,N,9.21128066667,E,09
1522236123.28,13:21:45,49.1293943333,N,9.211283,E,09
1522236124.28,13:21:46,49.1293941667,N,9.211285,E,09
1522236125.28,13:21:47,49.1293936667,N,9.211287,E,09
1522236126.28,13:21:48,49.1293931667,N,9.21128916667,E,09
1522236127.28,13:21:49,49.1293933333,N,9.21129116667,E,09
1522236128.28,13:21:50,49.1293935,N,9.211294,E,09
1522236129.28,13:21:51,49.1293935,N,9.21129633333,E,09
1522236130.27,13:21:52,49.1293936667,N,9.21129833333,E,08
1522236131.28,13:21:53,49.1293941667,N,9.21130016667,E,08
1522236132.28,13:21:54,49.1293945,N,9.21130216667,E,08
1522236133.28,13:21:55,49.1293945,N,9.21130333333,E,08
1522236134.28,13:21:56,49.1293945,N,9.211307,E,08
1522236135.28,13:21:57,49.1293946667,N,9.211308,E,08
1522236136.27,13:21:58,49.1293945,N,9.21130933333,E,08
1522236137.28,13:21:59,49.1293943333,N,9.21130966667,E,08
1522236138.28,13:22:00,49.129394,N,9.21131083333,E,08
1522236139.28,13:22:01,49.1293938333,N,9.21130983333,E,08
1522236140.28,13:22:02,49.1293938333,N,9.21130783333,E,08
1522236141.27,13:22:03,49.1293936667,N,9.21131033333,E,08
1522236142.28,13:22:04,49.1293931667,N,9.21130966667,E,08
1522236143.28,13:22:05,49.1293933333,N,9.2113095,E,08
1522236144.27,13:22:06,49.1293933333,N,9.21131116667,E,08
1522236145.28,13:22:07,49.129393,N,9.21131116667,E,08
1522236146.28,13:22:08,49.1293905,N,9.2113075,E,08
1522236147.28,13:22:09,49.1293881667,N,9.2113035,E,08
1522236148.28,13:22:10,49.1293856667,N,9.211299,E,08
1522236149.28,13:22:11,49.1293835,N,9.211295,E,08
1522236150.28,13:22:12,49.129381,N,9.2112915,E,08
1522236151.28,13:22:13,49.1293783333,N,9.2112865,E,08
1522236152.27,13:22:14,49.1293756667,N,9.21128183333,E,08
1522236153.28,13:22:15,49.1293731667,N,9.2112785,E,08
1522236154.28,13:22:16,49.1293671667,N,9.211273,E,08
1522236155.28,13:22:17,49.1293505,N,9.211268,E,08
1522236156.28,13:22:18,49.1293181667,N,9.21125366667,E,08
1522236157.28,13:22:19,49.1292803333,N,9.21123616667,E,08
1522236158.28,13:22:20,49.129235,N,9.21122033333,E,08
1522236159.28,13:22:21,49.1291848333,N,9.21119533333,E,08
1522236160.28,13:22:22,49.1291315,N,9.21116566667,E,08
1522236161.28,13:22:23,49.1290778333,N,9.21112833333,E,08
1522236162.28,13:22:24,49.1290308333,N,9.21108316667,E,08
1522236163.28,13:22:25,49.1289821667,N,9.21101966667,E,09
1522236164.28,13:22:26,49.1289466667,N,9.21092766667,E,08
1522236165.28,13:22:27,49.1289166667,N,9.21082433333,E,08
1522236166.28,13:22:28,49.1288818333,N,9.2107085,E,08
1522236167.28,13:22:29,49.1288433333,N,9.21057566667,E,08
1522236168.28,13:22:30,49.1287961667,N,9.21042983333,E,08
1522236169.28,13:22:31,49.1287431667,N,9.2102715,E,09
1522236170.27,13:22:32,49.12869,N,9.21011216667,E,09
1522236171.28,13:22:33,49.1286355,N,9.20995366667,E,09
1522236172.28,13:22:34,49.1285813333,N,9.2097915,E,09
1522236173.29,13:22:35,49.1285281667,N,9.209628,E,09
1522236174.28,13:22:36,49.1284758333,N,9.209469,E,09
1522236175.28,13:22:37,49.1284228333,N,9.2093085,E,09
1522236176.28,13:22:38,49.128367,N,9.209151,E,09
1522236177.28,13:22:39,49.1283175,N,9.2089815,E,09
1522236178.28,13:22:40,49.1282675,N,9.20880983333,E,09
1522236179.28,13:22:41,49.1282158333,N,9.20864666667,E,09
1522236180.28,13:22:42,49.128163,N,9.2084845,E,09
1522236181.28,13:22:43,49.1281106667,N,9.2083225,E,09
1522236182.28,13:22:44,49.1280576667,N,9.20816216667,E,09
1522236183.28,13:22:45,49.128004,N,9.2080015,E,09
1522236184.28,13:22:46,49.1279495,N,9.20784016667,E,09
1522236185.28,13:22:47,49.1278948333,N,9.2076795,E,09
1522236186.28,13:22:48,49.1278413333,N,9.207517,E,09
1522236187.28,13:22:49,49.1277873333,N,9.207354,E,09
1522236188.28,13:22:50,49.1277341667,N,9.20719083333,E,09
1522236189.28,13:22:51,49.1276811667,N,9.20702616667,E,09
1522236190.28,13:22:52,49.1276281667,N,9.20686183333,E,09
1522236191.28,13:22:53,49.1275758333,N,9.206697,E,09
1522236192.28,13:22:54,49.1275221667,N,9.20653283333,E,09
1522236193.28,13:22:55,49.1274686667,N,9.20637,E,09
1522236194.28,13:22:56,49.1274151667,N,9.20620633333,E,09
1522236195.28,13:22:57,49.1273615,N,9.20604133333,E,09
1522236196.28,13:22:58,49.1273073333,N,9.205877,E,09
1522236197.28,13:22:59,49.1272533333,N,9.20571283333,E,09
1522236198.28,13:23:00,49.1272,N,9.205549,E,09
1522236199.28,13:23:01,49.1271456667,N,9.20538466667,E,09
1522236200.28,13:23:02,49.1270918333,N,9.20522133333,E,09
1522236201.28,13:23:03,49.1270386667,N,9.2050595,E,09
1522236202.28,13:23:04,49.1269875,N,9.20490216667,E,09
1522236203.28,13:23:05,49.1269363333,N,9.20474916667,E,09
1522236204.28,13:23:06,49.1268885,N,9.20460733333,E,09
1522236205.28,13:23:07,49.126844,N,9.20447733333,E,08
1522236206.28,13:23:08,49.1268036667,N,9.20435866667,E,08
1522236207.28,13:23:09,49.1267665,N,9.2042475,E,08
1522236208.28,13:23:10,49.1267368333,N,9.20415666667,E,07
1522236209.29,13:23:11,49.1267168333,N,9.204091,E,09
1522236210.28,13:23:12,49.126706,N,9.20405766667,E,09
1522236211.28,13:23:13,49.126696,N,9.20403433333,E,09
1522236212.28,13:23:14,49.1266808333,N,9.20399916667,E,09
1522236213.28,13:23:15,49.1266628333,N,9.203968,E,09
1522236214.28,13:23:16,49.1266275,N,9.20393733333,E,09
1522236215.28,13:23:17,49.1265845,N,9.2039315,E,09
1522236216.28,13:23:18,49.1265371667,N,9.203963,E,09
1522236217.28,13:23:19,49.12649,N,9.2040215,E,09
1522236218.28,13:23:20,49.126449,N,9.2040925,E,09
1522236219.28,13:23:21,49.1264168333,N,9.204176,E,09
1522236220.28,13:23:22,49.1263856667,N,9.20426616667,E,09
1522236221.28,13:23:23,49.1263598333,N,9.2043645,E,09
1522236222.28,13:23:24,49.1263346667,N,9.204471,E,09
1522236223.29,13:23:25,49.1263183333,N,9.20457816667,E,09
1522236224.28,13:23:26,49.1263075,N,9.20465916667,E,09
1522236225.28,13:23:27,49.1262981667,N,9.20473316667,E,09
1522236226.28,13:23:28,49.126286,N,9.20481666667,E,09
1522236227.28,13:23:29,49.1262718333,N,9.2049095,E,08
1522236228.28,13:23:30,49.1262556667,N,9.20501416667,E,08
1522236229.28,13:23:31,49.1262385,N,9.20513166667,E,09
1522236230.28,13:23:32,49.1262151667,N,9.20525966667,E,09
1522236231.28,13:23:33,49.1261973333,N,9.20539916667,E,09
1522236232.28,13:23:34,49.126182,N,9.205548,E,09
1522236233.28,13:23:35,49.1261658333,N,9.20570433333,E,08
1522236234.28,13:23:36,49.1261478333,N,9.20586816667,E,08
1522236235.28,13:23:37,49.1261358333,N,9.206033,E,08
1522236236.28,13:23:38,49.126119,N,9.20619383333,E,08
1522236237.29,13:23:39,49.126102,N,9.20634816667,E,09
1522236238.28,13:23:40,49.1260831667,N,9.20649666667,E,09
1522236239.28,13:23:41,49.1260623333,N,9.206642,E,09
1522236240.28,13:23:42,49.1260381667,N,9.20678583333,E,09
1522236241.28,13:23:43,49.1260115,N,9.20693116667,E,09
1522236242.28,13:23:44,49.1259816667,N,9.20707566667,E,09
1522236243.28,13:23:45,49.1259515,N,9.20722066667,E,09
1522236244.28,13:23:46,49.125913,N,9.20736033333,E,09
1522236245.28,13:23:47,49.1258743333,N,9.20749766667,E,09
1522236246.28,13:23:48,49.1258305,N,9.2076335,E,09
1522236247.28,13:23:49,49.1257883333,N,9.2077645,E,09
1522236248.28,13:23:50,49.1257408333,N,9.20787483333,E,09
1522236249.28,13:23:51,49.1256881667,N,9.20796133333,E,09
1522236250.28,13:23:52,49.125636,N,9.2080325,E,09
1522236251.28,13:23:53,49.1255736667,N,9.20808266667,E,09
1522236252.28,13:23:54,49.1255035,N,9.2081095,E,08
1522236253.28,13:23:55,49.1254298333,N,9.2081245,E,08
1522236254.28,13:23:56,49.1253463333,N,9.20812533333,E,08
1522236255.28,13:23:57,49.1252673333,N,9.20811983333,E,08
1522236256.28,13:23:58,49.1251806667,N,9.20810116667,E,09
1522236257.28,13:23:59,49.1250966667,N,9.20808216667,E,09
1522236258.28,13:24:00,49.125012,N,9.20806933333,E,09
1522236259.28,13:24:01,49.1249291667,N,9.20804733333,E,09
1522236260.28,13:24:02,49.124847,N,9.20801916667,E,09
1522236261.28,13:24:03,49.1247608333,N,9.20798916667,E,08
1522236262.28,13:24:04,49.1246723333,N,9.207957,E,07
1522236263.28,13:24:05,49.1245843333,N,9.20791883333,E,08
1522236264.28,13:24:06,49.1245011667,N,9.20787766667,E,08
1522236265.28,13:24:07,49.1244188333,N,9.20783216667,E,08
1522236266.28,13:24:08,49.1243516667,N,9.207788,E,09
1522236267.28,13:24:09,49.1242738333,N,9.20773566667,E,09
1522236268.28,13:24:10,49.1241941667,N,9.2076815,E,09
1522236269.28,13:24:11,49.1241106667,N,9.207623,E,09
1522236270.28,13:24:12,49.1240271667,N,9.20755733333,E,08
1522236271.28,13:24:13,49.1239471667,N,9.207495,E,08
1522236272.28,13:24:14,49.123881,N,9.2074425,E,08
1522236273.28,13:24:15,49.1238165,N,9.2074,E,08
1522236274.28,13:24:16,49.1237596667,N,9.20737616667,E,08
1522236275.28,13:24:17,49.1237111667,N,9.2073785,E,08
1522236276.29,13:24:18,49.123668,N,9.20740966667,E,09
1522236277.28,13:24:19,49.1236403333,N,9.20747216667,E,09
1522236278.28,13:24:20,49.1236241667,N,9.20754733333,E,09
1522236279.28,13:24:21,49.1236118333,N,9.20763633333,E,09
1522236280.28,13:24:22,49.1236016667,N,9.20773716667,E,09
1522236281.28,13:24:23,49.123593,N,9.207834,E,09
1522236282.28,13:24:24,49.1235848333,N,9.2079135,E,09
1522236283.29,13:24:25,49.123566,N,9.20797666667,E,09
1522236284.28,13:24:26,49.1235415,N,9.20801516667,E,09
1522236285.28,13:24:27,49.1235108333,N,9.20802733333,E,09
1522236286.28,13:24:28,49.1234856667,N,9.20803016667,E,09
1522236287.29,13:24:29,49.1234573333,N,9.20803033333,E,09
1522236288.28,13:24:30,49.1234286667,N,9.20802433333,E,09
1522236289.29,13:24:31,49.1234028333,N,9.20802316667,E,09
1522236290.28,13:24:32,49.123376,N,9.20802283333,E,09
1522236291.29,13:24:33,49.1233548333,N,9.20802516667,E,09
1522236292.28,13:24:34,49.1233296667,N,9.20802683333,E,09
1522236293.28,13:24:35,49.123302,N,9.208039,E,09
1522236294.28,13:24:36,49.1232666667,N,9.20804433333,E,08
1522236295.29,13:24:37,49.123234,N,9.2080445,E,08
1522236296.28,13:24:38,49.1232016667,N,9.20803983333,E,08
1522236297.28,13:24:39,49.1231686667,N,9.2080275,E,09
1522236298.28,13:24:40,49.1231411667,N,9.20802116667,E,09
1522236299.28,13:24:41,49.1231213333,N,9.208038,E,09
1522236300.28,13:24:42,49.1231056667,N,9.2080675,E,09
1522236301.28,13:24:43,49.123099,N,9.20810483333,E,09
1522236302.28,13:24:44,49.1231005,N,9.20814083333,E,09
1522236303.28,13:24:45,49.1231028333,N,9.20817766667,E,09
1522236304.28,13:24:46,49.1231033333,N,9.20821216667,E,09
1522236305.28,13:24:47,49.1231035,N,9.2082435,E,09
1522236306.28,13:24:48,49.1230958333,N,9.20827133333,E,09
1522236307.28,13:24:49,49.1230873333,N,9.20828916667,E,09
1522236308.28,13:24:50,49.1230766667,N,9.20829466667,E,09
1522236309.28,13:24:51,49.1230685,N,9.20829616667,E,09
1522236310.28,13:24:52,49.1230616667,N,9.20829416667,E,09
1522236311.28,13:24:53,49.1230578333,N,9.20829466667,E,09
1522236312.28,13:24:54,49.1230563333,N,9.20829266667,E,09
1522236313.29,13:24:55,49.1230548333,N,9.20829083333,E,09
1522236314.28,13:24:56,49.1230551667,N,9.208294,E,09
1522236315.28,13:24:57,49.1230545,N,9.208295,E,09
1522236316.28,13:24:58,49.123054,N,9.2082955,E,09
1522236317.28,13:24:59,49.1230551667,N,9.2082985,E,09
1522236318.28,13:25:00,49.1230521667,N,9.20829933333,E,09
1522236319.28,13:25:01,49.12305,N,9.20829733333,E,09
1522236320.28,13:25:02,49.1230475,N,9.20829616667,E,09
1522236321.29,13:25:03,49.1230476667,N,9.20829566667,E,09
1522236322.28,13:25:04,49.1230471667,N,9.20829533333,E,09
1522236323.28,13:25:05,49.1230475,N,9.2082945,E,09
1522236324.28,13:25:06,49.1230471667,N,9.20829433333,E,09
1522236325.28,13:25:07,49.1230461667,N,9.20829383333,E,09
